ASIANPAINT														DMART																							
DATE	SERIES	OPEN	HIGH	LOW	PREV. CLOSE	LTP	CLOSE	VWAP	52W H	52W L	VOLUME	VALUE	NO OF TRADES	SERIES	OPEN	HIGH	LOW	PREV. CLOSE	LTP	CLOSE	VWAP	52W H	52W L	VOLUME	VALUE	NO OF TRADES				DATE	CLOSE					DATE	CLOSE
24-10-2024	EQ	"2,989.70"	"3,002.30"	"2,951.00"	"2,989.70"	"2,975.00"	"2,972.00"	"2,973.64"	"3,422.95"	"2,670.10"	"5,71,259"	"1,69,87,21,046.05"	"88,357"	EQ	"4,155.75"	"4,187.90"	"4,044.65"	"4,156.10"	"4,059.00"	"4,060.10"	"4,097.93"	"5,484.85"	"3,620.00"	"4,35,991"	"1,78,66,59,724.55"	"48,935"				24-10-2024	2972.00					24-10-2024	4060.1
23-10-2024	EQ	"2,999.95"	"3,026.50"	"2,972.05"	"3,006.85"	"2,995.00"	"2,989.70"	"2,999.85"	"3,422.95"	"2,670.10"	"6,24,689"	"1,87,39,75,356.55"	"46,783"	EQ	"4,009.00"	"4,224.80"	"3,978.00"	"4,005.20"	"4,154.45"	"4,156.10"	"4,130.95"	"5,484.85"	"3,620.00"	"6,86,716"	"2,83,67,91,638.30"	"79,899"		ASIAN PAINTS		23-10-2024	2989.70			DMART		23-10-2024	4156.1
22-10-2024	EQ	"3,054.00"	"3,057.95"	"2,995.25"	"3,049.20"	"3,010.85"	"3,006.85"	"3,017.54"	"3,422.95"	"2,670.10"	"5,41,838"	"1,63,50,16,971.60"	"61,303"	EQ	"3,999.90"	"4,057.00"	"3,965.90"	"3,973.45"	"4,004.95"	"4,005.20"	"4,013.67"	"5,484.85"	"3,620.00"	"6,98,102"	"2,79,62,98,406.30"	"77,039"		CLOSE		22-10-2024	3006.85			CLOSE		22-10-2024	4005.2
21-10-2024	EQ	"3,007.05"	"3,057.00"	"3,000.55"	"2,992.15"	"3,043.00"	"3,049.20"	"3,031.23"	"3,422.95"	"2,670.10"	"8,06,970"	"2,44,61,14,222.65"	"64,693"	EQ	"4,000.05"	"4,073.00"	"3,961.00"	"3,986.70"	"3,965.15"	"3,973.45"	"3,996.45"	"5,484.85"	"3,620.00"	"4,94,815"	"1,97,75,03,245.00"	"53,568"				21-10-2024	3049.20					21-10-2024	3973.45
18-10-2024	EQ	"3,057.00"	"3,069.00"	"2,980.60"	"3,055.85"	"2,998.85"	"2,992.15"	"3,018.01"	"3,422.95"	"2,670.10"	"8,99,318"	"2,71,41,47,955.15"	"74,852"	EQ	"4,100.00"	"4,114.00"	"3,975.10"	"4,087.70"	"3,990.00"	"3,986.70"	"4,013.90"	"5,484.85"	"3,620.00"	"10,94,839"	"4,39,45,76,919.35"	"1,05,076"				18-10-2024	2992.15					18-10-2024	3986.7
17-10-2024	EQ	"3,082.90"	"3,085.00"	"3,037.00"	"3,082.10"	"3,055.00"	"3,055.85"	"3,053.34"	"3,422.95"	"2,670.10"	"6,74,481"	"2,05,94,21,914.05"	"49,764"	EQ	"4,175.00"	"4,180.00"	"4,044.00"	"4,173.80"	"4,121.00"	"4,087.70"	"4,120.40"	"5,484.85"	"3,620.00"	"7,31,365"	"3,01,35,12,809.70"	"74,432"				17-10-2024	3055.85					17-10-2024	4087.7
16-10-2024	EQ	"3,088.00"	"3,103.55"	"3,066.10"	"3,067.10"	"3,078.00"	"3,082.10"	"3,081.19"	"3,422.95"	"2,670.10"	"7,64,001"	"2,35,40,35,992.80"	"51,357"	EQ	"4,209.00"	"4,215.00"	"4,149.00"	"4,193.55"	"4,150.00"	"4,173.80"	"4,189.11"	"5,484.85"	"3,620.00"	"6,88,895"	"2,88,58,54,087.85"	"64,434"				16-10-2024	3082.10					16-10-2024	4173.8
15-10-2024	EQ	"3,075.00"	"3,096.80"	"3,047.65"	"3,039.15"	"3,075.00"	"3,067.10"	"3,072.09"	"3,422.95"	"2,670.10"	"12,42,322"	"3,81,65,23,237.45"	"76,416"	EQ	"4,230.00"	"4,238.95"	"4,180.60"	"4,183.60"	"4,201.00"	"4,193.55"	"4,198.23"	"5,484.85"	"3,620.00"	"13,55,665"	"5,69,13,89,479.05"	"1,12,868"				15-10-2024	3067.10					15-10-2024	4193.55
14-10-2024	EQ	"3,037.00"	"3,055.00"	"3,017.20"	"3,037.20"	"3,040.00"	"3,039.15"	"3,039.16"	"3,422.95"	"2,670.10"	"7,16,011"	"2,17,60,69,508.40"	"65,593"	EQ	"4,204.00"	"4,299.00"	"4,139.95"	"4,572.70"	"4,191.00"	"4,183.60"	"4,204.15"	"5,484.85"	"3,620.00"	"48,76,749"	"20,50,25,83,580.35"	"4,54,617"				14-10-2024	3039.15					14-10-2024	4183.6
11-10-2024	EQ	"3,059.20"	"3,064.00"	"3,026.00"	"3,059.10"	"3,042.95"	"3,037.20"	"3,039.94"	"3,422.95"	"2,670.10"	"9,76,017"	"2,96,70,37,962.35"	"65,051"	EQ	"4,643.10"	"4,643.10"	"4,529.00"	"4,607.50"	"4,570.00"	"4,572.70"	"4,559.77"	"5,484.85"	"3,620.00"	"4,10,581"	"1,87,21,55,901.05"	"32,107"				11-10-2024	3037.20					11-10-2024	4572.7
10-10-2024	EQ	"3,090.05"	"3,095.00"	"3,043.00"	"3,078.85"	"3,065.00"	"3,059.10"	"3,059.51"	"3,422.95"	"2,670.10"	"11,61,933"	"3,55,49,40,363.80"	"97,292"	EQ	"4,664.80"	"4,698.90"	"4,572.00"	"4,645.40"	"4,612.00"	"4,607.50"	"4,631.71"	"5,484.85"	"3,620.00"	"3,16,729"	"1,46,69,96,181.30"	"46,177"				10-10-2024	3059.10					10-10-2024	4607.5
09-10-2024	EQ	"3,095.55"	"3,146.70"	"3,071.75"	"3,088.05"	"3,086.55"	"3,078.85"	"3,101.14"	"3,422.95"	"2,670.10"	"12,25,598"	"3,80,07,55,073.15"	"89,592"	EQ	"4,510.00"	"4,688.75"	"4,481.65"	"4,465.45"	"4,650.00"	"4,645.40"	"4,632.90"	"5,484.85"	"3,620.00"	"10,59,581"	"4,90,89,29,111.10"	"1,10,000"				09-10-2024	3078.85					09-10-2024	4645.4
08-10-2024	EQ	"3,058.00"	"3,099.00"	"3,045.65"	"3,062.25"	"3,098.00"	"3,088.05"	"3,079.61"	"3,422.95"	"2,670.10"	"8,17,718"	"2,51,82,52,922.45"	"80,023"	EQ	"4,544.15"	"4,619.90"	"4,435.00"	"4,544.15"	"4,482.95"	"4,465.45"	"4,496.01"	"5,484.85"	"3,620.00"	"10,09,173"	"4,53,72,48,299.95"	"1,06,711"				08-10-2024	3088.05					08-10-2024	4465.45
07-10-2024	EQ	"3,075.00"	"3,098.55"	"3,038.00"	"3,072.50"	"3,069.90"	"3,062.25"	"3,060.60"	"3,422.95"	"2,670.10"	"9,09,812"	"2,78,45,71,947.30"	"91,414"	EQ	"4,741.00"	"4,752.90"	"4,518.00"	"4,737.55"	"4,534.00"	"4,544.15"	"4,561.36"	"5,484.85"	"3,620.00"	"18,64,971"	"8,50,68,07,856.20"	"1,82,627"				07-10-2024	3062.25					07-10-2024	4544.15
04-10-2024	EQ	"3,135.00"	"3,156.75"	"3,054.55"	"3,149.30"	"3,073.85"	"3,072.50"	"3,098.08"	"3,422.95"	"2,670.10"	"15,51,818"	"4,80,76,55,328.65"	"1,41,806"	EQ	"4,875.00"	"4,875.00"	"4,696.10"	"4,942.60"	"4,725.00"	"4,737.55"	"4,771.97"	"5,484.85"	"3,616.00"	"29,83,666"	"14,23,79,54,491.85"	"2,69,617"				04-10-2024	3072.50					04-10-2024	4737.55
03-10-2024	EQ	"3,192.30"	"3,225.90"	"3,126.50"	"3,277.35"	"3,152.00"	"3,149.30"	"3,163.00"	"3,422.95"	"2,670.10"	"17,41,363"	"5,50,79,35,530.10"	"1,69,211"	EQ	"4,924.55"	"5,015.00"	"4,881.00"	"4,954.35"	"4,941.00"	"4,942.60"	"4,959.61"	"5,484.85"	"3,616.00"	"6,15,247"	"3,05,13,83,387.40"	"76,674"				03-10-2024	3149.30					03-10-2024	4942.6
01-10-2024	EQ	"3,317.00"	"3,328.95"	"3,244.05"	"3,329.10"	"3,275.00"	"3,277.35"	"3,269.51"	"3,422.95"	"2,670.10"	"9,68,660"	"3,16,70,47,543.55"	"70,952"	EQ	"5,095.00"	"5,138.00"	"4,936.10"	"5,096.30"	"4,959.00"	"4,954.35"	"4,989.19"	"5,484.85"	"3,616.00"	"5,62,718"	"2,80,75,06,477.15"	"78,725"				01-10-2024	3277.35					01-10-2024	4954.35
30-09-2024	EQ	"3,310.75"	"3,358.00"	"3,305.15"	"3,310.75"	"3,320.00"	"3,329.10"	"3,335.77"	"3,422.95"	"2,670.10"	"10,88,162"	"3,62,98,55,462.65"	"82,479"	EQ	"5,102.30"	"5,215.00"	"5,080.00"	"5,102.30"	"5,109.00"	"5,096.30"	"5,127.47"	"5,484.85"	"3,616.00"	"4,37,174"	"2,24,15,95,825.30"	"55,452"				30-09-2024	3329.10					30-09-2024	5096.3
27-09-2024	EQ	"3,290.95"	"3,337.95"	"3,277.05"	"3,277.05"	"3,308.00"	"3,310.75"	"3,312.64"	"3,422.95"	"2,670.10"	"13,15,996"	"4,35,94,23,052.10"	"98,063"	EQ	"5,224.60"	"5,226.00"	"5,090.00"	"5,198.05"	"5,112.00"	"5,102.30"	"5,125.11"	"5,484.85"	"3,616.00"	"5,66,687"	"2,90,43,33,037.60"	"62,974"				27-09-2024	3310.75					27-09-2024	5102.3
26-09-2024	EQ	"3,250.00"	"3,285.85"	"3,227.10"	"3,244.75"	"3,276.60"	"3,277.05"	"3,260.71"	"3,422.95"	"2,670.10"	"9,51,080"	"3,10,11,93,912.05"	"79,224"	EQ	"5,313.45"	"5,313.45"	"5,164.00"	"5,265.50"	"5,188.90"	"5,198.05"	"5,205.13"	"5,484.85"	"3,616.00"	"3,72,440"	"1,93,85,99,495.60"	"64,214"				26-09-2024	3277.05					26-09-2024	5198.05
25-09-2024	EQ	"3,252.00"	"3,252.00"	"3,206.75"	"3,248.40"	"3,240.00"	"3,244.75"	"3,228.58"	"3,422.95"	"2,670.10"	"7,40,636"	"2,39,12,02,343.40"	"70,336"	EQ	"5,400.00"	"5,417.50"	"5,232.00"	"5,391.45"	"5,300.00"	"5,265.50"	"5,285.53"	"5,484.85"	"3,616.00"	"5,29,354"	"2,79,79,18,813.95"	"50,640"				25-09-2024	3244.75					25-09-2024	5265.5
24-09-2024	EQ	"3,277.45"	"3,297.75"	"3,241.10"	"3,277.45"	"3,249.50"	"3,248.40"	"3,268.56"	"3,422.95"	"2,670.10"	"10,57,933"	"3,45,79,21,906.40"	"61,806"	EQ	"5,304.95"	"5,484.85"	"5,231.15"	"5,297.45"	"5,397.85"	"5,391.45"	"5,392.96"	"5,484.85"	"3,616.00"	"6,72,936"	"3,62,91,19,841.60"	"81,580"				24-09-2024	3248.40					24-09-2024	5391.45
23-09-2024	EQ	"3,316.95"	"3,324.90"	"3,273.20"	"3,306.95"	"3,274.00"	"3,277.45"	"3,287.56"	"3,422.95"	"2,670.10"	"5,22,775"	"1,71,86,54,865.70"	"49,884"	EQ	"5,355.15"	"5,363.00"	"5,260.25"	"5,320.55"	"5,305.50"	"5,297.45"	"5,294.84"	"5,449.00"	"3,616.00"	"1,79,528"	"95,05,72,389.90"	"27,590"				23-09-2024	3277.45					23-09-2024	5297.45
20-09-2024	EQ	"3,304.00"	"3,324.80"	"3,266.05"	"3,293.85"	"3,313.25"	"3,306.95"	"3,305.29"	"3,422.95"	"2,670.10"	"15,04,277"	"4,97,20,72,194.60"	"1,06,675"	EQ	"5,360.00"	"5,417.95"	"5,225.10"	"5,342.50"	"5,342.35"	"5,320.55"	"5,316.28"	"5,449.00"	"3,616.00"	"5,98,428"	"3,18,14,09,021.50"	"76,261"				20-09-2024	3306.95					20-09-2024	5320.55
19-09-2024	EQ	"3,294.00"	"3,320.00"	"3,275.00"	"3,274.65"	"3,300.90"	"3,293.85"	"3,296.58"	"3,422.95"	"2,670.10"	"9,63,456"	"3,17,61,09,126.60"	"94,031"	EQ	"5,295.00"	"5,443.95"	"5,180.00"	"5,265.20"	"5,335.00"	"5,342.50"	"5,297.02"	"5,449.00"	"3,616.00"	"3,92,198"	"2,07,74,79,946.05"	"43,016"				19-09-2024	3293.85					19-09-2024	5342.5
18-09-2024	EQ	"3,312.80"	"3,324.85"	"3,251.55"	"3,312.80"	"3,276.00"	"3,274.65"	"3,283.38"	"3,422.95"	"2,670.10"	"4,10,510"	"1,34,78,60,703.85"	"44,243"	EQ	"5,225.00"	"5,289.00"	"5,219.90"	"5,219.85"	"5,261.00"	"5,265.20"	"5,257.82"	"5,449.00"	"3,616.00"	"2,01,983"	"1,06,19,89,365.20"	"26,748"				18-09-2024	3274.65					18-09-2024	5265.2
17-09-2024	EQ	"3,335.80"	"3,349.90"	"3,301.80"	"3,335.80"	"3,313.95"	"3,312.80"	"3,319.95"	"3,422.95"	"2,670.10"	"5,86,834"	"1,94,82,61,684.60"	"52,026"	EQ	"5,227.00"	"5,254.00"	"5,200.10"	"5,204.80"	"5,202.00"	"5,219.85"	"5,219.07"	"5,449.00"	"3,616.00"	"1,55,984"	"81,40,91,583.15"	"26,311"				17-09-2024	3312.80					17-09-2024	5219.85
16-09-2024	EQ	"3,360.00"	"3,394.90"	"3,330.60"	"3,358.05"	"3,334.00"	"3,335.80"	"3,356.47"	"3,422.95"	"2,670.10"	"10,19,280"	"3,42,11,84,305.00"	"54,011"	EQ	"5,188.05"	"5,260.00"	"5,176.15"	"5,187.05"	"5,220.00"	"5,204.80"	"5,212.18"	"5,449.00"	"3,616.00"	"1,98,479"	"1,03,45,08,022.65"	"27,624"				16-09-2024	3335.80					16-09-2024	5204.8
13-09-2024	EQ	"3,355.55"	"3,369.70"	"3,320.90"	"3,383.25"	"3,358.60"	"3,358.05"	"3,349.61"	"3,422.95"	"2,670.10"	"10,29,400"	"3,44,80,90,898.60"	"82,492"	EQ	"5,250.90"	"5,255.85"	"5,155.00"	"5,238.55"	"5,192.90"	"5,187.05"	"5,217.58"	"5,449.00"	"3,616.00"	"3,95,545"	"2,06,37,86,429.20"	"54,707"				13-09-2024	3358.05					13-09-2024	5187.05
12-09-2024	EQ	"3,370.00"	"3,393.00"	"3,340.30"	"3,367.45"	"3,368.95"	"3,383.25"	"3,373.72"	"3,422.95"	"2,670.10"	"16,43,536"	"5,54,48,28,604.60"	"1,36,297"	EQ	"5,330.00"	"5,376.05"	"5,216.90"	"5,299.10"	"5,236.00"	"5,238.55"	"5,279.45"	"5,449.00"	"3,616.00"	"3,80,591"	"2,00,93,10,656.90"	"48,040"				12-09-2024	3383.25					12-09-2024	5238.55
11-09-2024	EQ	"3,315.00"	"3,382.95"	"3,315.00"	"3,295.05"	"3,368.50"	"3,367.45"	"3,358.46"	"3,422.95"	"2,670.10"	"25,61,892"	"8,60,40,19,495.95"	"1,95,313"	EQ	"5,357.90"	"5,449.00"	"5,279.10"	"5,344.40"	"5,295.00"	"5,299.10"	"5,352.23"	"5,449.00"	"3,616.00"	"4,61,780"	"2,47,15,55,054.85"	"55,989"				11-09-2024	3367.45					11-09-2024	5299.1
10-09-2024	EQ	"3,290.00"	"3,310.00"	"3,270.90"	"3,280.75"	"3,292.05"	"3,295.05"	"3,295.35"	"3,422.95"	"2,670.10"	"9,28,920"	"3,06,11,15,127.10"	"1,00,633"	EQ	"5,361.40"	"5,422.45"	"5,315.00"	"5,361.40"	"5,338.00"	"5,344.40"	"5,368.18"	"5,422.45"	"3,616.00"	"4,00,985"	"2,15,25,58,146.15"	"62,502"				10-09-2024	3295.05					10-09-2024	5344.4
09-09-2024	EQ	"3,273.70"	"3,314.00"	"3,258.00"	"3,273.70"	"3,275.00"	"3,280.75"	"3,283.79"	"3,422.95"	"2,670.10"	"12,72,289"	"4,17,79,34,330.60"	"93,539"	EQ	"5,303.45"	"5,395.00"	"5,216.05"	"5,303.45"	"5,360.00"	"5,361.40"	"5,336.56"	"5,395.00"	"3,616.00"	"5,94,876"	"3,17,45,91,236.25"	"70,682"				09-09-2024	3280.75					09-09-2024	5361.4
06-09-2024	EQ	"3,238.00"	"3,285.90"	"3,225.35"	"3,238.25"	"3,266.50"	"3,273.70"	"3,265.53"	"3,422.95"	"2,670.10"	"21,31,256"	"6,95,96,75,271.85"	"1,20,887"	EQ	"5,293.00"	"5,354.55"	"5,202.00"	"5,308.15"	"5,309.80"	"5,303.45"	"5,292.14"	"5,361.15"	"3,616.00"	"7,21,164"	"3,81,64,98,220.15"	"71,590"				06-09-2024	3273.70					06-09-2024	5303.45
05-09-2024	EQ	"3,240.00"	"3,257.00"	"3,217.00"	"3,231.65"	"3,238.00"	"3,238.25"	"3,239.82"	"3,422.95"	"2,670.10"	"14,82,119"	"4,80,18,05,690.00"	"1,08,587"	EQ	"5,084.10"	"5,361.15"	"5,077.10"	"5,100.90"	"5,270.05"	"5,308.15"	"5,249.10"	"5,361.15"	"3,616.00"	"13,23,435"	"6,94,68,48,909.20"	"1,19,558"				05-09-2024	3238.25					05-09-2024	5308.15
04-09-2024	EQ	"3,155.50"	"3,252.00"	"3,155.50"	"3,154.85"	"3,233.80"	"3,231.65"	"3,226.73"	"3,422.95"	"2,670.10"	"23,79,110"	"7,67,67,48,459.45"	"1,85,570"	EQ	"4,974.00"	"5,109.00"	"4,960.35"	"4,980.60"	"5,100.20"	"5,100.90"	"5,049.61"	"5,219.00"	"3,616.00"	"3,19,841"	"1,61,50,71,348.70"	"35,604"				04-09-2024	3231.65					04-09-2024	5100.9
03-09-2024	EQ	"3,164.95"	"3,174.55"	"3,147.50"	"3,150.95"	"3,150.10"	"3,154.85"	"3,159.48"	"3,422.95"	"2,670.10"	"5,77,471"	"1,82,45,10,722.70"	"49,057"	EQ	"5,029.00"	"5,039.80"	"4,965.00"	"4,999.85"	"4,981.00"	"4,980.60"	"5,008.00"	"5,219.00"	"3,616.00"	"2,22,027"	"1,11,19,12,061.70"	"38,277"				03-09-2024	3154.85					03-09-2024	4980.6
02-09-2024	EQ	"3,148.00"	"3,184.00"	"3,139.60"	"3,126.80"	"3,153.00"	"3,150.95"	"3,155.29"	"3,422.95"	"2,670.10"	"7,02,358"	"2,21,61,46,359.90"	"61,354"	EQ	"4,977.00"	"5,023.95"	"4,951.00"	"4,927.45"	"5,000.00"	"4,999.85"	"4,981.71"	"5,219.00"	"3,616.00"	"2,90,596"	"1,44,76,64,904.55"	"45,053"				02-09-2024	3150.95					02-09-2024	4999.85
30-08-2024	EQ	"3,130.05"	"3,166.75"	"3,110.70"	"3,115.85"	"3,133.00"	"3,126.80"	"3,132.04"	"3,422.95"	"2,670.10"	"15,67,031"	"4,90,79,95,960.05"	"86,932"	EQ	"5,020.00"	"5,042.00"	"4,900.00"	"5,008.80"	"4,930.00"	"4,927.45"	"4,953.72"	"5,219.00"	"3,533.00"	"5,64,035"	"2,79,40,68,928.00"	"64,668"				30-08-2024	3126.80					30-08-2024	4927.45
29-08-2024	EQ	"3,125.50"	"3,143.95"	"3,092.70"	"3,125.50"	"3,115.00"	"3,115.85"	"3,115.85"	"3,422.95"	"2,670.10"	"8,49,866"	"2,64,80,52,661.35"	"79,759"	EQ	"4,991.50"	"5,155.55"	"4,980.65"	"4,964.85"	"5,011.95"	"5,008.80"	"5,062.36"	"5,219.00"	"3,533.00"	"9,39,641"	"4,75,67,99,323.40"	"88,593"				29-08-2024	3115.85					29-08-2024	5008.8
28-08-2024	EQ	"3,152.95"	"3,165.50"	"3,118.80"	"3,166.20"	"3,124.00"	"3,125.50"	"3,136.65"	"3,422.95"	"2,670.10"	"5,38,366"	"1,68,86,63,684.45"	"40,765"	EQ	"4,995.50"	"4,995.50"	"4,905.00"	"4,958.55"	"4,967.00"	"4,964.85"	"4,937.73"	"5,219.00"	"3,533.00"	"5,04,521"	"2,49,11,88,971.20"	"41,032"				28-08-2024	3125.50					28-08-2024	4964.85
27-08-2024	EQ	"3,154.00"	"3,203.65"	"3,150.00"	"3,171.35"	"3,152.95"	"3,166.20"	"3,182.77"	"3,422.95"	"2,670.10"	"10,03,501"	"3,19,39,17,624.15"	"54,750"	EQ	"5,010.00"	"5,010.00"	"4,925.65"	"4,959.40"	"4,955.00"	"4,958.55"	"4,962.42"	"5,219.00"	"3,533.00"	"1,44,910"	"71,91,03,761.55"	"18,996"				27-08-2024	3166.20					27-08-2024	4958.55
26-08-2024	EQ	"3,155.00"	"3,177.45"	"3,141.50"	"3,154.65"	"3,167.65"	"3,171.35"	"3,164.61"	"3,422.95"	"2,670.10"	"4,72,874"	"1,49,64,62,539.95"	"38,331"	EQ	"4,903.00"	"4,978.75"	"4,900.10"	"4,901.50"	"4,968.90"	"4,959.40"	"4,950.35"	"5,219.00"	"3,533.00"	"4,75,103"	"2,35,19,24,718.60"	"65,675"				26-08-2024	3171.35					26-08-2024	4959.4
23-08-2024	EQ	"3,190.00"	"3,198.60"	"3,148.75"	"3,186.60"	"3,155.00"	"3,154.65"	"3,163.62"	"3,422.95"	"2,670.10"	"7,79,284"	"2,46,53,54,965.35"	"50,040"	EQ	"5,045.00"	"5,088.80"	"4,880.00"	"5,057.85"	"4,926.95"	"4,901.50"	"4,928.77"	"5,219.00"	"3,522.00"	"8,02,974"	"3,95,76,74,235.15"	"76,207"				23-08-2024	3154.65					23-08-2024	4901.5
22-08-2024	EQ	"3,167.00"	"3,198.65"	"3,156.05"	"3,151.55"	"3,180.00"	"3,186.60"	"3,186.29"	"3,422.95"	"2,670.10"	"15,40,888"	"4,90,97,20,413.55"	"93,251"	EQ	"5,145.00"	"5,145.00"	"5,021.15"	"5,099.45"	"5,036.00"	"5,057.85"	"5,090.09"	"5,219.00"	"3,522.00"	"3,53,198"	"1,79,78,08,151.65"	"27,686"				22-08-2024	3186.60					22-08-2024	5057.85
21-08-2024	EQ	"3,101.00"	"3,170.60"	"3,084.05"	"3,103.20"	"3,150.00"	"3,151.55"	"3,141.12"	"3,422.95"	"2,670.10"	"11,86,536"	"3,72,70,54,259.95"	"75,579"	EQ	"5,095.00"	"5,164.00"	"5,051.85"	"5,079.20"	"5,100.00"	"5,099.45"	"5,108.50"	"5,219.00"	"3,522.00"	"7,96,491"	"4,06,88,76,960.70"	"57,626"				21-08-2024	3151.55					21-08-2024	5099.45
20-08-2024	EQ	"3,096.00"	"3,106.35"	"3,078.00"	"3,076.30"	"3,096.00"	"3,103.20"	"3,097.97"	"3,422.95"	"2,670.10"	"6,68,282"	"2,07,03,18,511.65"	"45,243"	EQ	"5,008.00"	"5,095.95"	"4,987.70"	"5,002.70"	"5,075.00"	"5,079.20"	"5,043.49"	"5,219.00"	"3,522.00"	"3,20,092"	"1,61,43,80,438.70"	"36,777"				20-08-2024	3103.20					20-08-2024	5079.2
19-08-2024	EQ	"3,053.95"	"3,087.85"	"3,038.35"	"3,048.15"	"3,075.95"	"3,076.30"	"3,068.60"	"3,422.95"	"2,670.10"	"5,42,858"	"1,66,58,14,594.20"	"43,936"	EQ	"5,040.00"	"5,048.00"	"4,982.05"	"5,021.30"	"5,000.10"	"5,002.70"	"5,000.59"	"5,219.00"	"3,522.00"	"1,71,799"	"85,90,95,894.45"	"18,386"				19-08-2024	3076.30					19-08-2024	5002.7
16-08-2024	EQ	"3,054.00"	"3,054.00"	"3,003.00"	"3,025.85"	"3,049.95"	"3,048.15"	"3,030.31"	"3,422.95"	"2,670.10"	"5,14,229"	"1,55,82,75,567.55"	"53,382"	EQ	"4,995.00"	"5,025.00"	"4,902.70"	"4,960.30"	"5,013.25"	"5,021.30"	"4,979.78"	"5,219.00"	"3,491.25"	"1,93,826"	"96,52,10,113.70"	"27,122"				16-08-2024	3048.15					16-08-2024	5021.3
14-08-2024	EQ	"3,034.80"	"3,034.80"	"2,994.05"	"3,023.55"	"3,027.00"	"3,025.85"	"3,016.21"	"3,422.95"	"2,670.10"	"4,54,671"	"1,37,13,85,382.00"	"47,902"	EQ	"4,950.00"	"5,020.00"	"4,913.30"	"4,929.50"	"4,961.95"	"4,960.30"	"4,956.68"	"5,219.00"	"3,491.25"	"2,82,580"	"1,40,06,58,167.50"	"22,587"				14-08-2024	3025.85					14-08-2024	4960.3
13-08-2024	EQ	"3,054.90"	"3,059.80"	"3,013.00"	"3,053.20"	"3,021.20"	"3,023.55"	"3,028.20"	"3,422.95"	"2,670.10"	"5,02,260"	"1,52,09,43,645.40"	"43,606"	EQ	"5,039.95"	"5,048.00"	"4,905.50"	"5,013.80"	"4,913.70"	"4,929.50"	"4,959.77"	"5,219.00"	"3,491.25"	"1,38,438"	"68,66,20,283.40"	"21,880"				13-08-2024	3023.55					13-08-2024	4929.5
12-08-2024	EQ	"3,020.00"	"3,084.00"	"3,003.70"	"3,040.60"	"3,050.00"	"3,053.20"	"3,050.07"	"3,422.95"	"2,670.10"	"17,36,881"	"5,29,76,04,231.75"	"90,374"	EQ	"4,999.00"	"5,025.00"	"4,960.55"	"4,989.95"	"4,995.90"	"5,013.80"	"5,005.22"	"5,219.00"	"3,491.25"	"1,67,412"	"83,79,34,571.05"	"25,574"				12-08-2024	3053.20					12-08-2024	5013.8
09-08-2024	EQ	"3,039.00"	"3,052.75"	"2,966.00"	"3,005.40"	"3,040.00"	"3,040.60"	"3,011.30"	"3,422.95"	"2,670.10"	"16,65,414"	"5,01,50,58,264.10"	"90,841"	EQ	"5,033.00"	"5,063.80"	"4,971.35"	"4,980.10"	"4,975.00"	"4,989.95"	"5,001.51"	"5,219.00"	"3,491.25"	"1,02,057"	"51,04,38,957.75"	"12,487"				09-08-2024	3040.60					09-08-2024	4989.95
08-08-2024	EQ	"3,080.00"	"3,089.70"	"2,990.40"	"3,101.45"	"2,996.90"	"3,005.40"	"3,027.99"	"3,422.95"	"2,670.10"	"12,80,109"	"3,87,61,59,960.85"	"1,07,153"	EQ	"5,049.95"	"5,063.90"	"4,942.00"	"5,018.50"	"5,000.00"	"4,980.10"	"5,000.28"	"5,219.00"	"3,491.25"	"3,48,300"	"1,74,15,96,458.05"	"49,175"				08-08-2024	3005.40					08-08-2024	4980.1
07-08-2024	EQ	"3,101.75"	"3,118.50"	"3,060.05"	"3,101.75"	"3,101.00"	"3,101.45"	"3,090.33"	"3,422.95"	"2,670.10"	"19,07,105"	"5,89,35,81,945.65"	"72,543"	EQ	"4,960.00"	"5,063.55"	"4,954.45"	"4,909.90"	"5,018.40"	"5,018.50"	"5,017.81"	"5,219.00"	"3,491.25"	"3,22,153"	"1,61,65,03,101.55"	"42,917"				07-08-2024	3101.45					07-08-2024	5018.5
06-08-2024	EQ	"3,101.70"	"3,135.00"	"3,086.05"	"3,093.40"	"3,090.25"	"3,101.75"	"3,115.97"	"3,422.95"	"2,670.10"	"8,85,743"	"2,75,99,46,792.50"	"74,147"	EQ	"4,818.15"	"5,045.25"	"4,818.15"	"4,817.45"	"4,900.00"	"4,909.90"	"4,972.21"	"5,219.00"	"3,491.25"	"7,98,720"	"3,97,14,06,739.80"	"66,386"				06-08-2024	3101.75					06-08-2024	4909.9
05-08-2024	EQ	"3,069.95"	"3,145.00"	"3,055.30"	"3,106.70"	"3,096.00"	"3,093.40"	"3,100.65"	"3,422.95"	"2,670.10"	"20,19,141"	"6,26,06,42,149.60"	"1,22,740"	EQ	"4,861.50"	"5,010.00"	"4,801.00"	"4,909.70"	"4,810.00"	"4,817.45"	"4,889.92"	"5,219.00"	"3,491.25"	"7,15,443"	"3,49,84,59,491.25"	"62,721"				05-08-2024	3093.40					05-08-2024	4817.45
02-08-2024	EQ	"3,070.00"	"3,129.05"	"3,060.00"	"3,099.35"	"3,105.00"	"3,106.70"	"3,106.13"	"3,422.95"	"2,670.10"	"13,48,780"	"4,18,94,86,747.30"	"91,022"	EQ	"4,950.00"	"5,029.75"	"4,890.15"	"4,993.80"	"4,905.00"	"4,909.70"	"4,959.62"	"5,219.00"	"3,491.25"	"4,86,355"	"2,41,21,35,047.40"	"36,662"				02-08-2024	3106.70					02-08-2024	4909.7
01-08-2024	EQ	"3,088.00"	"3,128.95"	"3,062.80"	"3,084.45"	"3,090.00"	"3,099.35"	"3,098.26"	"3,422.95"	"2,670.10"	"16,75,122"	"5,18,99,68,471.15"	"98,772"	EQ	"4,949.00"	"5,008.00"	"4,883.00"	"4,935.95"	"4,990.00"	"4,993.80"	"4,947.06"	"5,219.00"	"3,491.25"	"2,02,176"	"1,00,01,75,913.85"	"29,478"				01-08-2024	3099.35					01-08-2024	4993.8
31-07-2024	EQ	"3,005.05"	"3,098.00"	"3,005.05"	"3,005.05"	"3,087.30"	"3,084.45"	"3,075.55"	"3,422.95"	"2,670.10"	"35,49,501"	"10,91,66,81,612.30"	"1,70,009"	EQ	"5,040.00"	"5,068.90"	"4,910.20"	"5,027.20"	"4,953.90"	"4,935.95"	"4,964.60"	"5,219.00"	"3,491.25"	"9,12,329"	"4,52,93,47,855.80"	"71,401"				31-07-2024	3084.45					31-07-2024	4935.95
30-07-2024	EQ	"2,973.50"	"3,032.80"	"2,970.00"	"2,954.70"	"3,003.00"	"3,005.05"	"3,009.56"	"3,422.95"	"2,670.10"	"21,44,591"	"6,45,42,69,850.55"	"1,11,220"	EQ	"5,140.00"	"5,175.55"	"5,000.10"	"5,112.85"	"5,014.00"	"5,027.20"	"5,074.60"	"5,219.00"	"3,491.25"	"2,99,951"	"1,52,21,32,193.20"	"34,151"				30-07-2024	3005.05					30-07-2024	5027.2
29-07-2024	EQ	"2,953.05"	"2,965.10"	"2,936.00"	"2,950.15"	"2,962.00"	"2,954.70"	"2,948.47"	"3,422.95"	"2,670.10"	"8,54,408"	"2,51,91,95,555.40"	"56,138"	EQ	"5,144.00"	"5,144.00"	"5,041.80"	"5,071.60"	"5,095.45"	"5,112.85"	"5,092.17"	"5,219.00"	"3,491.25"	"2,06,613"	"1,05,21,08,069.95"	"31,407"				29-07-2024	2954.70					29-07-2024	5112.85
26-07-2024	EQ	"2,902.20"	"2,964.45"	"2,900.70"	"2,901.40"	"2,948.35"	"2,950.15"	"2,944.21"	"3,568.00"	"2,670.10"	"13,59,780"	"4,00,34,74,150.05"	"85,366"	EQ	"5,199.00"	"5,199.00"	"5,040.00"	"5,171.35"	"5,075.65"	"5,071.60"	"5,096.60"	"5,219.00"	"3,491.25"	"2,34,445"	"1,19,48,72,540.45"	"32,620"				26-07-2024	2950.15					26-07-2024	5071.6
25-07-2024	EQ	"2,892.05"	"2,908.70"	"2,885.25"	"2,912.80"	"2,906.00"	"2,901.40"	"2,897.12"	"3,568.00"	"2,670.10"	"12,39,922"	"3,59,22,07,689.30"	"71,053"	EQ	"5,148.00"	"5,184.90"	"5,058.10"	"5,158.45"	"5,160.00"	"5,171.35"	"5,133.25"	"5,219.00"	"3,491.25"	"3,93,012"	"2,01,74,30,766.10"	"32,669"				25-07-2024	2901.40					25-07-2024	5171.35
24-07-2024	EQ	"2,901.00"	"2,927.00"	"2,886.20"	"2,897.10"	"2,915.00"	"2,912.80"	"2,907.99"	"3,568.00"	"2,670.10"	"14,76,148"	"4,29,26,30,553.45"	"98,355"	EQ	"5,100.00"	"5,205.00"	"5,082.65"	"5,065.25"	"5,141.10"	"5,158.45"	"5,154.76"	"5,219.00"	"3,491.25"	"6,30,155"	"3,24,82,99,121.15"	"55,384"				24-07-2024	2912.80					24-07-2024	5158.45
23-07-2024	EQ	"2,934.30"	"2,947.30"	"2,886.00"	"2,934.30"	"2,900.00"	"2,897.10"	"2,908.57"	"3,568.00"	"2,670.10"	"19,06,312"	"5,54,46,42,541.00"	"1,07,200"	EQ	"5,013.00"	"5,095.45"	"4,925.10"	"5,012.85"	"5,065.00"	"5,065.25"	"5,039.32"	"5,219.00"	"3,491.25"	"4,31,809"	"2,17,60,25,230.15"	"35,898"				23-07-2024	2897.10					23-07-2024	5065.25
22-07-2024	EQ	"2,937.00"	"2,973.35"	"2,917.15"	"2,946.05"	"2,933.10"	"2,934.30"	"2,941.68"	"3,568.00"	"2,670.10"	"16,16,347"	"4,75,47,77,012.15"	"76,014"	EQ	"4,955.00"	"5,031.95"	"4,922.75"	"5,010.70"	"5,010.50"	"5,012.85"	"4,999.60"	"5,219.00"	"3,491.25"	"5,59,762"	"2,79,85,85,634.95"	"22,401"				22-07-2024	2934.30					22-07-2024	5012.85
19-07-2024	EQ	"2,925.00"	"2,980.00"	"2,917.25"	"2,931.55"	"2,949.00"	"2,946.05"	"2,955.01"	"3,568.00"	"2,670.10"	"21,64,746"	"6,39,68,37,442.55"	"1,15,188"	EQ	"5,062.10"	"5,078.50"	"4,955.00"	"5,083.45"	"4,999.35"	"5,010.70"	"5,015.06"	"5,219.00"	"3,491.25"	"4,44,963"	"2,23,15,18,304.20"	"33,762"				19-07-2024	2946.05					19-07-2024	5010.7
18-07-2024	EQ	"2,875.00"	"2,957.90"	"2,842.00"	"2,974.45"	"2,932.80"	"2,931.55"	"2,911.84"	"3,568.00"	"2,670.10"	"53,84,611"	"15,67,91,25,504.85"	"2,48,518"	EQ	"5,039.85"	"5,096.95"	"5,028.00"	"5,039.85"	"5,080.00"	"5,083.45"	"5,048.35"	"5,219.00"	"3,491.25"	"8,37,644"	"4,22,87,18,351.95"	"45,226"				18-07-2024	2931.55					18-07-2024	5083.45
16-07-2024	EQ	"2,959.00"	"3,015.95"	"2,941.50"	"2,956.50"	"2,972.00"	"2,974.45"	"2,980.95"	"3,568.00"	"2,670.10"	"20,85,611"	"6,21,70,96,947.95"	"87,466"	EQ	"5,000.00"	"5,104.00"	"4,979.00"	"4,988.85"	"5,039.90"	"5,039.85"	"5,041.89"	"5,219.00"	"3,491.25"	"10,62,769"	"5,35,83,62,389.65"	"60,856"				16-07-2024	2974.45					16-07-2024	5039.85
15-07-2024	EQ	"2,999.00"	"2,999.00"	"2,932.55"	"2,999.15"	"2,959.00"	"2,956.50"	"2,958.63"	"3,568.00"	"2,670.10"	"24,25,341"	"7,17,56,83,580.40"	"1,05,659"	EQ	"5,126.45"	"5,164.00"	"4,943.65"	"4,943.65"	"4,990.00"	"4,988.85"	"5,005.45"	"5,219.00"	"3,491.25"	"14,05,587"	"7,03,55,89,838.05"	"1,05,021"				15-07-2024	2956.50					15-07-2024	4988.85
12-07-2024	EQ	"3,025.00"	"3,052.00"	"2,970.90"	"3,022.05"	"2,991.40"	"2,999.15"	"3,009.00"	"3,568.00"	"2,670.10"	"18,79,930"	"5,65,67,16,521.10"	"1,19,771"	EQ	"4,939.90"	"5,016.95"	"4,909.00"	"4,898.90"	"4,950.00"	"4,943.65"	"4,962.01"	"5,219.00"	"3,491.25"	"5,98,090"	"2,96,77,30,619.35"	"59,368"				12-07-2024	2999.15					12-07-2024	4943.65
11-07-2024	EQ	"2,999.00"	"3,030.00"	"2,973.00"	"2,996.45"	"3,022.00"	"3,022.05"	"3,010.38"	"3,568.00"	"2,670.10"	"19,68,980"	"5,92,73,69,218.80"	"1,41,086"	EQ	"4,853.90"	"4,969.00"	"4,832.25"	"4,834.45"	"4,893.50"	"4,898.90"	"4,908.14"	"5,219.00"	"3,491.25"	"5,68,246"	"2,78,90,31,416.05"	"71,817"				11-07-2024	3022.05					11-07-2024	4898.9
10-07-2024	EQ	"2,900.05"	"3,014.50"	"2,894.35"	"2,905.00"	"3,000.00"	"2,996.45"	"2,970.31"	"3,568.00"	"2,670.10"	"22,99,950"	"6,83,15,61,456.50"	"1,28,651"	EQ	"4,825.00"	"4,894.35"	"4,731.10"	"4,806.35"	"4,817.95"	"4,834.45"	"4,811.34"	"5,219.00"	"3,491.25"	"2,84,146"	"1,36,71,23,560.15"	"31,638"				10-07-2024	2996.45					10-07-2024	4834.45
09-07-2024	EQ	"2,908.95"	"2,913.20"	"2,890.00"	"2,898.15"	"2,906.85"	"2,905.00"	"2,904.52"	"3,568.00"	"2,670.10"	"6,85,431"	"1,99,08,48,226.25"	"45,585"	EQ	"4,853.10"	"4,893.95"	"4,780.00"	"4,851.55"	"4,800.15"	"4,806.35"	"4,843.15"	"5,219.00"	"3,491.25"	"4,21,547"	"2,04,16,13,395.30"	"33,082"				09-07-2024	2905.00					09-07-2024	4806.35
08-07-2024	EQ	"2,935.90"	"2,935.90"	"2,890.70"	"2,935.90"	"2,901.00"	"2,898.15"	"2,902.08"	"3,568.00"	"2,670.10"	"8,28,260"	"2,40,36,74,177.60"	"57,283"	EQ	"4,860.00"	"4,935.20"	"4,820.00"	"4,853.10"	"4,836.00"	"4,851.55"	"4,884.05"	"5,219.00"	"3,491.25"	"7,06,765"	"3,45,18,73,871.10"	"40,990"				08-07-2024	2898.15					08-07-2024	4851.55
05-07-2024	EQ	"2,937.15"	"2,946.90"	"2,913.10"	"2,934.90"	"2,939.95"	"2,935.90"	"2,930.16"	"3,568.00"	"2,670.10"	"8,17,429"	"2,39,51,95,710.15"	"51,977"	EQ	"4,768.85"	"4,871.00"	"4,742.80"	"4,768.10"	"4,847.05"	"4,853.10"	"4,804.16"	"5,219.00"	"3,491.25"	"3,59,691"	"1,72,80,12,762.80"	"36,747"				05-07-2024	2935.90					05-07-2024	4853.1
04-07-2024	EQ	"2,940.00"	"2,968.45"	"2,923.00"	"2,925.55"	"2,932.25"	"2,934.90"	"2,945.16"	"3,568.00"	"2,670.10"	"9,68,666"	"2,85,28,78,532.30"	"64,641"	EQ	"4,785.10"	"4,825.00"	"4,725.00"	"4,792.90"	"4,768.00"	"4,768.10"	"4,776.91"	"5,219.00"	"3,491.25"	"3,17,759"	"1,51,79,05,452.20"	"27,103"				04-07-2024	2934.90					04-07-2024	4768.1
03-07-2024	EQ	"2,929.70"	"2,948.95"	"2,916.00"	"2,925.60"	"2,929.90"	"2,925.55"	"2,934.19"	"3,568.00"	"2,670.10"	"9,25,189"	"2,71,46,82,877.60"	"52,612"	EQ	"4,760.00"	"4,810.90"	"4,700.70"	"4,773.85"	"4,797.90"	"4,792.90"	"4,766.42"	"5,219.00"	"3,491.25"	"7,99,111"	"3,80,88,97,496.50"	"58,301"				03-07-2024	2925.55					03-07-2024	4792.9
02-07-2024	EQ	"2,927.80"	"2,936.00"	"2,912.00"	"2,927.80"	"2,928.00"	"2,925.60"	"2,923.83"	"3,568.00"	"2,670.10"	"10,64,295"	"3,11,18,15,663.05"	"60,594"	EQ	"4,759.10"	"4,825.25"	"4,719.55"	"4,735.90"	"4,782.00"	"4,773.85"	"4,766.31"	"5,219.00"	"3,491.25"	"3,60,009"	"1,71,59,13,867.15"	"41,249"				02-07-2024	2925.60					02-07-2024	4773.85
01-07-2024	EQ	"2,889.30"	"2,939.00"	"2,888.00"	"2,917.05"	"2,923.20"	"2,927.80"	"2,920.68"	"3,568.00"	"2,670.10"	"11,04,110"	"3,22,47,47,087.05"	"68,851"	EQ	"4,725.10"	"4,754.45"	"4,612.50"	"4,716.75"	"4,721.90"	"4,735.90"	"4,693.69"	"5,219.00"	"3,491.25"	"6,42,169"	"3,01,41,39,806.60"	"55,571"				01-07-2024	2927.80					01-07-2024	4735.9
28-06-2024	EQ	"2,865.00"	"2,932.00"	"2,862.20"	"2,880.85"	"2,916.50"	"2,917.05"	"2,914.99"	"3,568.00"	"2,670.10"	"12,06,712"	"3,51,75,56,522.70"	"92,017"	EQ	"4,900.00"	"4,921.95"	"4,680.00"	"4,900.10"	"4,713.05"	"4,716.75"	"4,786.31"	"5,219.00"	"3,491.25"	"6,85,009"	"3,27,86,65,000.40"	"77,687"				28-06-2024	2917.05					28-06-2024	4716.75
27-06-2024	EQ	"2,860.75"	"2,903.00"	"2,845.00"	"2,863.35"	"2,885.80"	"2,880.85"	"2,874.55"	"3,568.00"	"2,670.10"	"16,28,022"	"4,67,98,25,283.05"	"1,40,448"	EQ	"4,819.95"	"4,960.00"	"4,738.00"	"4,801.00"	"4,940.00"	"4,900.10"	"4,844.09"	"5,219.00"	"3,491.25"	"5,03,719"	"2,44,00,61,569.80"	"56,743"				27-06-2024	2880.85					27-06-2024	4900.1
26-06-2024	EQ	"2,860.20"	"2,873.85"	"2,844.05"	"2,858.45"	"2,865.60"	"2,863.35"	"2,862.44"	"3,568.00"	"2,670.10"	"9,60,622"	"2,74,97,22,792.75"	"57,113"	EQ	"4,775.00"	"4,823.95"	"4,690.00"	"4,783.35"	"4,812.00"	"4,801.00"	"4,739.74"	"5,219.00"	"3,491.25"	"5,46,313"	"2,58,93,79,652.15"	"55,455"				26-06-2024	2863.35					26-06-2024	4801
25-06-2024	EQ	"2,876.00"	"2,894.95"	"2,856.00"	"2,896.05"	"2,861.00"	"2,858.45"	"2,873.78"	"3,568.00"	"2,670.10"	"12,17,792"	"3,49,96,61,269.55"	"64,339"	EQ	"4,850.00"	"4,905.00"	"4,755.00"	"4,833.70"	"4,787.00"	"4,783.35"	"4,823.56"	"5,219.00"	"3,491.25"	"3,76,890"	"1,81,79,52,580.65"	"39,149"				25-06-2024	2858.45					25-06-2024	4783.35
24-06-2024	EQ	"2,883.00"	"2,899.95"	"2,871.40"	"2,890.85"	"2,896.00"	"2,896.05"	"2,886.39"	"3,568.00"	"2,670.10"	"8,92,125"	"2,57,50,19,859.65"	"63,587"	EQ	"4,792.00"	"4,875.00"	"4,765.85"	"4,804.85"	"4,833.00"	"4,833.70"	"4,827.48"	"5,219.00"	"3,491.25"	"3,56,824"	"1,72,25,61,390.50"	"34,227"				24-06-2024	2896.05					24-06-2024	4833.7
21-06-2024	EQ	"2,925.00"	"2,928.00"	"2,880.10"	"2,915.50"	"2,886.00"	"2,890.85"	"2,894.67"	"3,568.00"	"2,670.10"	"17,22,379"	"4,98,57,13,403.00"	"1,16,694"	EQ	"4,928.00"	"5,082.95"	"4,763.00"	"4,861.70"	"4,790.00"	"4,804.85"	"4,890.95"	"5,219.00"	"3,491.25"	"7,26,519"	"3,55,33,70,289.20"	"62,109"				21-06-2024	2890.85					21-06-2024	4804.85
20-06-2024	EQ	"2,885.00"	"2,924.50"	"2,872.40"	"2,891.70"	"2,914.80"	"2,915.50"	"2,905.96"	"3,568.00"	"2,670.10"	"11,29,752"	"3,28,30,19,639.35"	"79,992"	EQ	"4,947.45"	"5,022.50"	"4,832.20"	"4,933.90"	"4,866.90"	"4,861.70"	"4,906.75"	"5,219.00"	"3,491.25"	"5,77,843"	"2,83,53,29,597.35"	"72,031"				20-06-2024	2915.50					20-06-2024	4861.7
19-06-2024	EQ	"2,918.00"	"2,920.00"	"2,882.65"	"2,918.50"	"2,889.95"	"2,891.70"	"2,896.71"	"3,568.00"	"2,670.10"	"10,18,294"	"2,94,96,98,632.65"	"61,344"	EQ	"5,079.00"	"5,219.00"	"4,901.35"	"5,039.30"	"4,914.00"	"4,933.90"	"5,079.85"	"5,219.00"	"3,491.25"	"14,38,750"	"7,30,86,40,558.55"	"1,27,961"				19-06-2024	2891.70					19-06-2024	4933.9
18-06-2024	EQ	"2,921.60"	"2,928.00"	"2,905.00"	"2,921.60"	"2,920.00"	"2,918.50"	"2,916.53"	"3,568.00"	"2,670.10"	"7,41,098"	"2,16,14,37,869.10"	"57,204"	EQ	"4,739.95"	"5,080.00"	"4,734.80"	"4,739.95"	"5,035.00"	"5,039.30"	"4,956.69"	"5,080.00"	"3,491.25"	"20,54,168"	"10,18,18,67,566.25"	"1,65,007"				18-06-2024	2918.50					18-06-2024	5039.3
14-06-2024	EQ	"2,910.00"	"2,931.35"	"2,905.10"	"2,910.00"	"2,919.00"	"2,921.60"	"2,921.24"	"3,568.00"	"2,670.10"	"9,82,815"	"2,87,10,43,073.05"	"62,392"	EQ	"4,692.00"	"4,759.95"	"4,671.05"	"4,656.65"	"4,728.00"	"4,739.95"	"4,730.43"	"4,924.20"	"3,491.25"	"2,58,982"	"1,22,50,96,760.15"	"36,492"				14-06-2024	2921.60					14-06-2024	4739.95
13-06-2024	EQ	"2,929.00"	"2,929.00"	"2,905.00"	"2,905.80"	"2,913.00"	"2,910.00"	"2,912.59"	"3,568.00"	"2,670.10"	"7,26,380"	"2,11,56,45,015.10"	"57,428"	EQ	"4,697.25"	"4,739.95"	"4,640.05"	"4,666.75"	"4,655.00"	"4,656.65"	"4,683.94"	"4,924.20"	"3,491.25"	"2,38,268"	"1,11,60,32,514.60"	"28,781"				13-06-2024	2910.00					13-06-2024	4656.65
12-06-2024	EQ	"2,909.00"	"2,918.00"	"2,865.65"	"2,902.45"	"2,904.15"	"2,905.80"	"2,891.46"	"3,568.00"	"2,670.10"	"17,01,770"	"4,92,05,97,117.95"	"1,08,150"	EQ	"4,710.05"	"4,740.00"	"4,645.00"	"4,701.45"	"4,658.00"	"4,666.75"	"4,691.89"	"4,924.20"	"3,491.25"	"5,55,091"	"2,60,44,24,005.10"	"54,555"				12-06-2024	2905.80					12-06-2024	4666.75
11-06-2024	EQ	"2,915.00"	"2,920.35"	"2,895.00"	"2,937.55"	"2,901.00"	"2,902.45"	"2,908.64"	"3,568.00"	"2,670.10"	"8,55,430"	"2,48,81,40,426.20"	"63,578"	EQ	"4,800.00"	"4,829.90"	"4,676.00"	"4,778.40"	"4,699.00"	"4,701.45"	"4,764.71"	"4,924.20"	"3,491.25"	"2,66,806"	"1,27,12,54,024.45"	"35,923"				11-06-2024	2902.45					11-06-2024	4701.45
10-06-2024	EQ	"2,928.00"	"2,951.90"	"2,915.00"	"2,927.70"	"2,940.00"	"2,937.55"	"2,935.03"	"3,568.00"	"2,670.10"	"8,76,867"	"2,57,36,29,171.05"	"64,133"	EQ	"4,769.05"	"4,812.00"	"4,688.00"	"4,747.25"	"4,770.00"	"4,778.40"	"4,765.25"	"4,924.20"	"3,491.25"	"2,76,907"	"1,31,95,30,863.15"	"40,992"				10-06-2024	2937.55					10-06-2024	4778.4
07-06-2024	EQ	"2,904.80"	"2,943.10"	"2,888.85"	"2,904.80"	"2,933.00"	"2,927.70"	"2,924.38"	"3,568.00"	"2,670.10"	"16,00,180"	"4,67,95,33,601.75"	"1,27,721"	EQ	"4,700.00"	"4,806.35"	"4,690.75"	"4,687.05"	"4,743.00"	"4,747.25"	"4,737.86"	"4,924.20"	"3,491.25"	"3,52,969"	"1,67,23,16,801.80"	"45,372"				07-06-2024	2927.70					07-06-2024	4747.25
06-06-2024	EQ	"2,960.00"	"2,961.75"	"2,882.25"	"2,961.75"	"2,910.00"	"2,904.80"	"2,918.03"	"3,568.00"	"2,670.10"	"16,89,408"	"4,92,97,38,361.25"	"1,61,111"	EQ	"4,861.95"	"4,861.95"	"4,675.25"	"4,862.25"	"4,700.00"	"4,687.05"	"4,750.76"	"4,924.20"	"3,491.25"	"6,64,303"	"3,15,59,46,867.85"	"71,495"				06-06-2024	2904.80					06-06-2024	4687.05
05-06-2024	EQ	"2,864.50"	"3,027.30"	"2,864.50"	"2,857.65"	"2,960.00"	"2,961.75"	"2,975.38"	"3,568.00"	"2,670.10"	"24,10,576"	"7,17,23,67,696.60"	"1,65,017"	EQ	"4,590.00"	"4,900.00"	"4,562.20"	"4,548.75"	"4,855.00"	"4,862.25"	"4,766.58"	"4,924.20"	"3,491.25"	"14,95,770"	"7,12,97,01,078.50"	"1,56,460"				05-06-2024	2961.75					05-06-2024	4862.25
04-06-2024	EQ	"2,880.00"	"2,897.00"	"2,775.75"	"2,866.45"	"2,873.95"	"2,857.65"	"2,858.03"	"3,568.00"	"2,670.10"	"26,83,847"	"7,67,05,15,984.55"	"2,55,550"	EQ	"4,399.00"	"4,590.00"	"4,355.65"	"4,349.35"	"4,525.00"	"4,548.75"	"4,483.43"	"4,924.20"	"3,491.25"	"10,93,378"	"4,90,20,87,754.70"	"1,15,337"				04-06-2024	2857.65					04-06-2024	4548.75
03-06-2024	EQ	"2,950.00"	"2,950.00"	"2,860.05"	"2,881.20"	"2,875.00"	"2,866.45"	"2,881.55"	"3,568.00"	"2,670.10"	"9,52,701"	"2,74,52,56,624.95"	"78,065"	EQ	"4,392.95"	"4,400.00"	"4,301.00"	"4,302.15"	"4,346.00"	"4,349.35"	"4,353.27"	"4,924.20"	"3,491.25"	"2,79,797"	"1,21,80,32,178.25"	"46,532"				03-06-2024	2866.45					03-06-2024	4349.35
31-05-2024	EQ	"2,883.70"	"2,906.00"	"2,855.60"	"2,883.70"	"2,881.30"	"2,881.20"	"2,881.75"	"3,568.00"	"2,670.10"	"25,20,363"	"7,26,30,60,163.50"	"1,40,388"	EQ	"4,440.00"	"4,450.00"	"4,250.40"	"4,444.95"	"4,287.35"	"4,302.15"	"4,318.97"	"4,924.20"	"3,437.35"	"8,66,438"	"3,74,21,22,049.45"	"84,063"				31-05-2024	2881.20					31-05-2024	4302.15
30-05-2024	EQ	"2,875.25"	"2,910.85"	"2,875.00"	"2,900.15"	"2,889.30"	"2,883.70"	"2,889.96"	"3,568.00"	"2,670.10"	"13,44,426"	"3,88,53,33,695.30"	"1,20,152"	EQ	"4,475.90"	"4,497.25"	"4,410.00"	"4,476.85"	"4,440.80"	"4,444.95"	"4,440.82"	"4,924.20"	"3,437.35"	"1,41,706"	"62,92,90,432.35"	"23,280"				30-05-2024	2883.70					30-05-2024	4444.95
29-05-2024	EQ	"2,896.00"	"2,921.70"	"2,881.10"	"2,911.20"	"2,894.00"	"2,900.15"	"2,904.89"	"3,568.00"	"2,670.10"	"17,58,297"	"5,10,76,64,054.80"	"1,01,092"	EQ	"4,474.00"	"4,564.85"	"4,435.10"	"4,474.45"	"4,470.00"	"4,476.85"	"4,492.89"	"4,924.20"	"3,437.35"	"2,34,524"	"1,05,36,89,799.35"	"32,405"				29-05-2024	2900.15					29-05-2024	4476.85
28-05-2024	EQ	"2,875.85"	"2,921.00"	"2,864.00"	"2,872.30"	"2,920.00"	"2,911.20"	"2,898.10"	"3,568.00"	"2,670.10"	"10,84,544"	"3,14,31,20,141.70"	"65,182"	EQ	"4,551.90"	"4,588.85"	"4,440.20"	"4,537.35"	"4,465.00"	"4,474.45"	"4,501.40"	"4,924.20"	"3,437.35"	"2,24,693"	"1,01,14,33,679.30"	"35,211"				28-05-2024	2911.20					28-05-2024	4474.45
27-05-2024	EQ	"2,887.90"	"2,898.30"	"2,855.55"	"2,874.75"	"2,875.85"	"2,872.30"	"2,878.86"	"3,568.00"	"2,670.10"	"8,17,091"	"2,35,22,87,254.40"	"67,730"	EQ	"4,651.55"	"4,669.00"	"4,508.00"	"4,684.50"	"4,542.00"	"4,537.35"	"4,560.93"	"4,924.20"	"3,437.35"	"3,92,853"	"1,79,17,76,437.30"	"60,734"				27-05-2024	2872.30					27-05-2024	4537.35
24-05-2024	EQ	"2,910.20"	"2,910.20"	"2,867.00"	"2,903.75"	"2,870.00"	"2,874.75"	"2,883.35"	"3,568.00"	"2,670.10"	"7,55,822"	"2,17,92,95,662.85"	"57,103"	EQ	"4,797.90"	"4,841.40"	"4,674.10"	"4,793.55"	"4,675.70"	"4,684.50"	"4,734.51"	"4,924.20"	"3,382.15"	"3,07,316"	"1,45,49,89,481.50"	"50,917"				24-05-2024	2874.75					24-05-2024	4684.5
23-05-2024	EQ	"2,885.00"	"2,921.25"	"2,877.30"	"2,885.75"	"2,900.00"	"2,903.75"	"2,898.64"	"3,568.00"	"2,670.10"	"11,81,894"	"3,42,58,81,206.80"	"1,22,242"	EQ	"4,794.50"	"4,812.00"	"4,755.80"	"4,798.80"	"4,790.50"	"4,793.55"	"4,785.13"	"4,924.20"	"3,382.15"	"1,51,025"	"72,26,74,210.00"	"40,091"				23-05-2024	2903.75					23-05-2024	4793.55
22-05-2024	EQ	"2,851.80"	"2,895.00"	"2,836.60"	"2,851.80"	"2,890.00"	"2,885.75"	"2,879.03"	"3,568.00"	"2,670.10"	"9,33,846"	"2,68,85,68,407.95"	"66,910"	EQ	"4,763.15"	"4,924.20"	"4,737.15"	"4,705.90"	"4,777.90"	"4,798.80"	"4,827.67"	"4,924.20"	"3,382.15"	"7,16,981"	"3,46,13,47,727.65"	"86,073"				22-05-2024	2885.75					22-05-2024	4798.8
21-05-2024	EQ	"2,815.00"	"2,866.95"	"2,801.00"	"2,816.35"	"2,846.00"	"2,851.80"	"2,844.64"	"3,568.00"	"2,670.10"	"9,21,822"	"2,62,22,49,016.80"	"1,03,927"	EQ	"4,670.00"	"4,737.45"	"4,605.45"	"4,670.65"	"4,696.00"	"4,705.90"	"4,695.22"	"4,895.60"	"3,382.15"	"1,79,171"	"84,12,48,033.85"	"27,344"				21-05-2024	2851.80					21-05-2024	4705.9
18-05-2024	EQ	"2,824.00"	"2,830.00"	"2,810.20"	"2,809.90"	"2,817.50"	"2,816.35"	"2,819.39"	"3,568.00"	"2,670.10"	"52,260"	"14,73,41,478.40"	"5,827"	EQ	"4,694.30"	"4,694.30"	"4,618.65"	"4,682.90"	"4,674.65"	"4,670.65"	"4,666.05"	"4,895.60"	"3,352.00"	"17,889"	"8,34,71,042.80"	"3,233"				18-05-2024	2816.35					18-05-2024	4670.65
17-05-2024	EQ	"2,814.60"	"2,838.20"	"2,786.10"	"2,814.05"	"2,819.00"	"2,809.90"	"2,808.53"	"3,568.00"	"2,670.10"	"13,25,150"	"3,72,17,29,477.65"	"1,18,183"	EQ	"4,680.00"	"4,710.00"	"4,665.05"	"4,671.25"	"4,700.00"	"4,682.90"	"4,686.61"	"4,895.60"	"3,352.00"	"2,03,113"	"95,19,10,808.05"	"22,432"				17-05-2024	2809.90					17-05-2024	4682.9
16-05-2024	EQ	"2,821.05"	"2,837.60"	"2,786.55"	"2,813.70"	"2,814.60"	"2,814.05"	"2,803.49"	"3,568.00"	"2,670.10"	"15,34,319"	"4,30,14,43,504.60"	"1,69,357"	EQ	"4,674.30"	"4,699.00"	"4,660.05"	"4,652.45"	"4,675.00"	"4,671.25"	"4,673.04"	"4,895.60"	"3,352.00"	"5,19,285"	"2,42,66,40,406.95"	"39,104"				16-05-2024	2814.05					16-05-2024	4671.25
15-05-2024	EQ	"2,866.15"	"2,874.25"	"2,806.15"	"2,866.15"	"2,813.00"	"2,813.70"	"2,835.68"	"3,568.00"	"2,670.10"	"12,30,520"	"3,48,93,65,278.45"	"1,24,776"	EQ	"4,614.95"	"4,680.00"	"4,597.10"	"4,597.05"	"4,655.00"	"4,652.45"	"4,647.45"	"4,895.60"	"3,352.00"	"2,98,259"	"1,38,61,43,825.95"	"38,729"				15-05-2024	2813.70					15-05-2024	4652.45
14-05-2024	EQ	"2,879.00"	"2,888.00"	"2,842.00"	"2,879.25"	"2,866.70"	"2,866.15"	"2,866.25"	"3,568.00"	"2,670.10"	"9,99,330"	"2,86,43,30,363.75"	"87,367"	EQ	"4,739.00"	"4,755.00"	"4,550.35"	"4,693.70"	"4,615.00"	"4,597.05"	"4,621.20"	"4,895.60"	"3,352.00"	"3,76,741"	"1,74,09,96,128.90"	"55,397"				14-05-2024	2866.15					14-05-2024	4597.05
13-05-2024	EQ	"2,771.25"	"2,895.00"	"2,754.10"	"2,771.25"	"2,878.00"	"2,879.25"	"2,851.84"	"3,568.00"	"2,670.10"	"27,48,823"	"7,83,91,98,201.75"	"1,22,123"	EQ	"4,799.95"	"4,809.00"	"4,667.00"	"4,796.80"	"4,683.15"	"4,693.70"	"4,714.11"	"4,895.60"	"3,352.00"	"1,90,782"	"89,93,66,520.95"	"33,021"				13-05-2024	2879.25					13-05-2024	4693.7
10-05-2024	EQ	"2,699.00"	"2,792.60"	"2,670.10"	"2,710.10"	"2,770.00"	"2,771.25"	"2,758.79"	"3,568.00"	"2,670.10"	"24,78,584"	"6,83,79,00,078.45"	"1,48,636"	EQ	"4,798.65"	"4,852.00"	"4,735.85"	"4,798.65"	"4,794.95"	"4,796.80"	"4,792.13"	"4,895.60"	"3,352.00"	"2,90,601"	"1,39,25,98,331.05"	"43,141"				10-05-2024	2771.25					10-05-2024	4796.8
09-05-2024	EQ	"2,828.00"	"2,853.95"	"2,703.80"	"2,843.30"	"2,716.00"	"2,710.10"	"2,761.87"	"3,568.00"	"2,703.80"	"35,47,959"	"9,79,89,99,188.55"	"2,56,530"	EQ	"4,806.75"	"4,895.60"	"4,730.00"	"4,806.75"	"4,776.70"	"4,798.65"	"4,810.72"	"4,895.60"	"3,352.00"	"6,18,014"	"2,97,30,93,221.00"	"43,753"				09-05-2024	2710.10					09-05-2024	4798.65
08-05-2024	EQ	"2,900.00"	"2,905.00"	"2,821.00"	"2,913.00"	"2,848.70"	"2,843.30"	"2,847.71"	"3,568.00"	"2,766.15"	"16,52,877"	"4,70,69,13,138.05"	"1,27,616"	EQ	"4,674.80"	"4,863.80"	"4,670.00"	"4,660.45"	"4,801.00"	"4,806.75"	"4,762.05"	"4,890.00"	"3,352.00"	"8,29,723"	"3,95,11,85,047.90"	"63,012"				08-05-2024	2843.30					08-05-2024	4806.75
07-05-2024	EQ	"2,947.00"	"2,967.95"	"2,904.00"	"2,932.15"	"2,908.65"	"2,913.00"	"2,929.29"	"3,568.00"	"2,766.15"	"6,29,534"	"1,84,40,86,138.65"	"56,355"	EQ	"4,619.95"	"4,698.00"	"4,581.00"	"4,600.60"	"4,656.00"	"4,660.45"	"4,656.24"	"4,890.00"	"3,352.00"	"4,31,030"	"2,00,69,77,351.30"	"42,607"				07-05-2024	2913.00					07-05-2024	4660.45
06-05-2024	EQ	"2,950.00"	"2,959.00"	"2,911.20"	"2,929.75"	"2,932.65"	"2,932.15"	"2,936.44"	"3,568.00"	"2,766.15"	"7,68,806"	"2,25,75,53,195.30"	"61,093"	EQ	"4,620.00"	"4,739.90"	"4,576.00"	"4,612.35"	"4,589.85"	"4,600.60"	"4,616.79"	"4,890.00"	"3,352.00"	"6,43,041"	"2,96,87,84,118.95"	"56,698"				06-05-2024	2932.15					06-05-2024	4600.6
03-05-2024	EQ	"2,983.05"	"2,997.00"	"2,909.25"	"2,975.40"	"2,930.00"	"2,929.75"	"2,943.33"	"3,568.00"	"2,766.15"	"15,94,445"	"4,69,29,84,701.35"	"1,41,235"	EQ	"4,626.95"	"4,627.00"	"4,545.05"	"4,605.05"	"4,618.45"	"4,612.35"	"4,591.60"	"4,890.00"	"3,352.00"	"4,36,785"	"2,00,55,41,781.45"	"30,468"				03-05-2024	2929.75					03-05-2024	4612.35
02-05-2024	EQ	"2,875.10"	"2,988.00"	"2,875.10"	"2,875.90"	"2,968.00"	"2,975.40"	"2,948.02"	"3,568.00"	"2,766.15"	"24,93,406"	"7,35,06,09,795.55"	"1,91,618"	EQ	"4,609.95"	"4,642.45"	"4,578.00"	"4,603.80"	"4,605.00"	"4,605.05"	"4,602.63"	"4,890.00"	"3,352.00"	"2,56,067"	"1,17,85,80,756.20"	"34,407"				02-05-2024	2975.40					02-05-2024	4605.05
30-04-2024	EQ	"2,855.00"	"2,912.00"	"2,855.00"	"2,868.20"	"2,875.00"	"2,875.90"	"2,889.65"	"3,568.00"	"2,766.15"	"12,90,649"	"3,72,95,27,049.55"	"88,067"	EQ	"4,455.15"	"4,650.00"	"4,455.15"	"4,483.80"	"4,605.00"	"4,603.80"	"4,609.25"	"4,890.00"	"3,352.00"	"6,37,696"	"2,93,93,03,077.00"	"60,341"				30-04-2024	2875.90					30-04-2024	4603.8
29-04-2024	EQ	"2,844.15"	"2,873.95"	"2,839.00"	"2,844.15"	"2,863.00"	"2,868.20"	"2,865.04"	"3,568.00"	"2,766.15"	"5,66,219"	"1,62,22,42,766.00"	"53,934"	EQ	"4,560.50"	"4,562.45"	"4,450.00"	"4,553.15"	"4,483.15"	"4,483.80"	"4,487.25"	"4,890.00"	"3,352.00"	"3,85,596"	"1,73,02,63,950.55"	"47,447"				29-04-2024	2868.20					29-04-2024	4483.8
26-04-2024	EQ	"2,870.00"	"2,878.20"	"2,837.05"	"2,861.45"	"2,850.15"	"2,844.15"	"2,855.97"	"3,568.00"	"2,766.15"	"6,25,507"	"1,78,64,32,251.25"	"76,141"	EQ	"4,657.05"	"4,719.95"	"4,531.50"	"4,657.10"	"4,562.00"	"4,553.15"	"4,618.74"	"4,890.00"	"3,352.00"	"2,54,510"	"1,17,55,14,406.05"	"33,716"				26-04-2024	2844.15					26-04-2024	4553.15
25-04-2024	EQ	"2,865.00"	"2,869.90"	"2,829.05"	"2,867.75"	"2,858.85"	"2,861.45"	"2,850.86"	"3,568.00"	"2,766.15"	"15,94,152"	"4,54,47,02,819.40"	"1,13,559"	EQ	"4,801.00"	"4,817.65"	"4,615.15"	"4,797.55"	"4,655.00"	"4,657.10"	"4,715.72"	"4,890.00"	"3,352.00"	"4,62,020"	"2,17,87,57,663.95"	"43,230"				25-04-2024	2861.45					25-04-2024	4657.1
24-04-2024	EQ	"2,882.95"	"2,883.10"	"2,860.00"	"2,874.90"	"2,869.80"	"2,867.75"	"2,869.18"	"3,568.00"	"2,766.15"	"7,18,441"	"2,06,13,36,486.40"	"55,435"	EQ	"4,820.00"	"4,835.70"	"4,778.00"	"4,800.55"	"4,789.95"	"4,797.55"	"4,803.54"	"4,890.00"	"3,352.00"	"1,99,877"	"96,01,16,585.15"	"21,009"				24-04-2024	2867.75					24-04-2024	4797.55
23-04-2024	EQ	"2,852.00"	"2,877.95"	"2,844.00"	"2,841.85"	"2,874.00"	"2,874.90"	"2,865.63"	"3,568.00"	"2,766.15"	"9,29,062"	"2,66,23,48,565.55"	"66,553"	EQ	"4,804.50"	"4,890.00"	"4,773.00"	"4,758.00"	"4,785.00"	"4,800.55"	"4,811.87"	"4,890.00"	"3,352.00"	"4,58,148"	"2,20,45,47,694.80"	"57,078"				23-04-2024	2874.90					23-04-2024	4800.55
22-04-2024	EQ	"2,846.60"	"2,846.60"	"2,814.05"	"2,808.55"	"2,843.35"	"2,841.85"	"2,834.89"	"3,568.00"	"2,766.15"	"6,76,040"	"1,91,64,96,076.10"	"65,109"	EQ	"4,743.00"	"4,815.95"	"4,692.05"	"4,696.00"	"4,763.00"	"4,758.00"	"4,735.14"	"4,836.70"	"3,352.00"	"2,57,706"	"1,22,02,73,751.75"	"35,874"				22-04-2024	2841.85					22-04-2024	4758
19-04-2024	EQ	"2,790.00"	"2,822.10"	"2,766.15"	"2,807.70"	"2,809.70"	"2,808.55"	"2,789.51"	"3,568.00"	"2,766.15"	"13,37,807"	"3,73,18,28,290.40"	"1,19,695"	EQ	"4,766.95"	"4,836.70"	"4,651.10"	"4,627.10"	"4,711.00"	"4,696.00"	"4,721.01"	"4,836.70"	"3,352.00"	"7,78,084"	"3,67,33,42,149.95"	"77,642"				19-04-2024	2808.55					19-04-2024	4696
18-04-2024	EQ	"2,855.00"	"2,859.20"	"2,800.10"	"2,830.00"	"2,810.00"	"2,807.70"	"2,826.00"	"3,568.00"	"2,776.75"	"17,32,434"	"4,89,58,57,242.70"	"1,35,725"	EQ	"4,644.30"	"4,694.30"	"4,605.00"	"4,644.30"	"4,637.95"	"4,627.10"	"4,630.41"	"4,831.85"	"3,352.00"	"4,17,772"	"1,93,44,54,965.60"	"35,489"				18-04-2024	2807.70					18-04-2024	4627.1
16-04-2024	EQ	"2,827.65"	"2,841.45"	"2,820.00"	"2,844.40"	"2,833.45"	"2,830.00"	"2,830.63"	"3,568.00"	"2,776.75"	"9,11,249"	"2,57,94,07,314.80"	"71,383"	EQ	"4,650.00"	"4,689.30"	"4,611.35"	"4,686.80"	"4,630.00"	"4,644.30"	"4,650.21"	"4,831.85"	"3,352.00"	"2,45,231"	"1,14,03,76,252.05"	"29,695"				16-04-2024	2830.00					16-04-2024	4644.3
15-04-2024	EQ	"2,830.20"	"2,853.50"	"2,812.35"	"2,854.50"	"2,841.00"	"2,844.40"	"2,838.41"	"3,568.00"	"2,776.75"	"8,84,519"	"2,51,06,24,389.20"	"65,321"	EQ	"4,680.00"	"4,736.55"	"4,620.60"	"4,765.05"	"4,687.00"	"4,686.80"	"4,680.43"	"4,831.85"	"3,352.00"	"3,58,707"	"1,67,89,01,939.60"	"44,259"				15-04-2024	2844.40					15-04-2024	4686.8
12-04-2024	EQ	"2,890.00"	"2,893.00"	"2,845.00"	"2,896.75"	"2,853.00"	"2,854.50"	"2,857.46"	"3,568.00"	"2,750.05"	"17,66,311"	"5,04,71,59,853.30"	"1,25,951"	EQ	"4,753.90"	"4,806.75"	"4,725.00"	"4,754.00"	"4,765.85"	"4,765.05"	"4,767.17"	"4,831.85"	"3,352.00"	"6,76,863"	"3,22,67,20,889.45"	"50,060"				12-04-2024	2854.50					12-04-2024	4765.05
10-04-2024	EQ	"2,883.30"	"2,899.10"	"2,858.00"	"2,857.15"	"2,895.45"	"2,896.75"	"2,882.82"	"3,568.00"	"2,750.05"	"7,40,495"	"2,13,47,11,455.20"	"60,224"	EQ	"4,736.60"	"4,831.85"	"4,711.00"	"4,716.15"	"4,737.35"	"4,754.00"	"4,788.34"	"4,831.85"	"3,352.00"	"7,28,446"	"3,48,80,46,554.60"	"65,013"				10-04-2024	2896.75					10-04-2024	4754
09-04-2024	EQ	"2,893.00"	"2,916.45"	"2,845.00"	"2,892.00"	"2,857.00"	"2,857.15"	"2,870.13"	"3,568.00"	"2,750.05"	"10,17,670"	"2,92,08,44,644.25"	"74,467"	EQ	"4,671.95"	"4,747.80"	"4,622.00"	"4,672.80"	"4,715.00"	"4,716.15"	"4,693.56"	"4,748.00"	"3,352.00"	"2,85,672"	"1,34,08,19,639.60"	"34,162"				09-04-2024	2857.15					09-04-2024	4716.15
08-04-2024	EQ	"2,908.00"	"2,908.95"	"2,873.80"	"2,883.45"	"2,893.00"	"2,892.00"	"2,889.85"	"3,568.00"	"2,750.05"	"5,70,695"	"1,64,92,24,098.35"	"42,472"	EQ	"4,648.15"	"4,748.00"	"4,640.00"	"4,619.25"	"4,660.00"	"4,672.80"	"4,699.65"	"4,748.00"	"3,352.00"	"4,61,322"	"2,16,80,53,968.60"	"50,443"				08-04-2024	2892.00					08-04-2024	4672.8
05-04-2024	EQ	"2,924.00"	"2,927.75"	"2,880.00"	"2,918.30"	"2,890.00"	"2,883.45"	"2,901.38"	"3,568.00"	"2,708.65"	"11,55,672"	"3,35,30,47,551.70"	"80,381"	EQ	"4,645.00"	"4,685.00"	"4,557.00"	"4,645.05"	"4,639.85"	"4,619.25"	"4,615.20"	"4,715.00"	"3,352.00"	"4,18,022"	"1,92,92,53,380.95"	"59,293"				05-04-2024	2883.45					05-04-2024	4619.25
04-04-2024	EQ	"2,870.00"	"2,943.25"	"2,851.25"	"2,869.35"	"2,920.95"	"2,918.30"	"2,900.83"	"3,568.00"	"2,708.65"	"18,31,347"	"5,31,24,24,693.85"	"1,32,396"	EQ	"4,562.00"	"4,715.00"	"4,540.00"	"4,460.90"	"4,639.80"	"4,645.05"	"4,640.74"	"4,715.00"	"3,352.00"	"15,64,457"	"7,26,02,35,478.55"	"1,43,517"				04-04-2024	2918.30					04-04-2024	4645.05
03-04-2024	EQ	"2,845.00"	"2,884.55"	"2,845.00"	"2,874.20"	"2,871.70"	"2,869.35"	"2,866.57"	"3,568.00"	"2,708.65"	"8,16,676"	"2,34,10,57,057.70"	"66,524"	EQ	"4,455.00"	"4,494.45"	"4,415.00"	"4,411.85"	"4,465.00"	"4,460.90"	"4,457.24"	"4,592.00"	"3,352.00"	"2,57,333"	"1,14,69,95,749.90"	"35,963"				03-04-2024	2869.35					03-04-2024	4460.9
02-04-2024	EQ	"2,874.05"	"2,892.40"	"2,856.00"	"2,871.00"	"2,876.95"	"2,874.20"	"2,874.94"	"3,568.00"	"2,708.65"	"5,62,473"	"1,61,70,77,347.25"	"41,125"	EQ	"4,503.00"	"4,563.00"	"4,400.05"	"4,483.30"	"4,407.00"	"4,411.85"	"4,471.01"	"4,592.00"	"3,352.00"	"4,42,907"	"1,98,02,39,672.20"	"49,326"				02-04-2024	2874.20					02-04-2024	4411.85
01-04-2024	EQ	"2,860.95"	"2,886.45"	"2,852.35"	"2,846.75"	"2,870.00"	"2,871.00"	"2,869.01"	"3,568.00"	"2,708.65"	"5,58,086"	"1,60,11,53,520.40"	"43,805"	EQ	"4,570.00"	"4,592.00"	"4,456.30"	"4,525.60"	"4,484.00"	"4,483.30"	"4,504.59"	"4,592.00"	"3,352.00"	"4,10,983"	"1,85,13,09,836.30"	"46,285"				01-04-2024	2871.00					01-04-2024	4483.3
28-03-2024	EQ	"2,835.05"	"2,868.00"	"2,819.00"	"2,830.50"	"2,856.65"	"2,846.75"	"2,845.87"	"3,568.00"	"2,708.65"	"18,64,623"	"5,30,64,65,925.60"	"1,21,437"	EQ	"4,424.95"	"4,560.00"	"4,397.05"	"4,420.55"	"4,529.90"	"4,525.60"	"4,490.05"	"4,560.00"	"3,300.00"	"8,92,567"	"4,00,76,74,168.60"	"1,10,180"				28-03-2024	2846.75					28-03-2024	4525.6
27-03-2024	EQ	"2,817.95"	"2,842.85"	"2,817.70"	"2,814.65"	"2,830.00"	"2,830.50"	"2,831.45"	"3,568.00"	"2,708.65"	"11,56,231"	"3,27,38,15,626.60"	"78,114"	EQ	"4,480.50"	"4,533.00"	"4,387.05"	"4,486.20"	"4,417.90"	"4,420.55"	"4,465.38"	"4,533.00"	"3,300.00"	"8,14,043"	"3,63,50,12,739.25"	"99,248"				27-03-2024	2830.50					27-03-2024	4420.55
26-03-2024	EQ	"2,820.00"	"2,844.15"	"2,810.00"	"2,841.50"	"2,817.50"	"2,814.65"	"2,821.39"	"3,568.00"	"2,708.65"	"13,72,390"	"3,87,20,40,833.45"	"80,817"	EQ	"4,315.75"	"4,509.45"	"4,297.25"	"4,297.60"	"4,450.00"	"4,486.20"	"4,456.46"	"4,509.45"	"3,300.00"	"18,38,678"	"8,19,40,04,087.00"	"1,59,311"				26-03-2024	2814.65					26-03-2024	4486.2
22-03-2024	EQ	"2,821.15"	"2,855.15"	"2,808.00"	"2,821.15"	"2,844.80"	"2,841.50"	"2,829.95"	"3,568.00"	"2,708.65"	"16,52,689"	"4,67,70,25,707.35"	"1,48,454"	EQ	"4,159.80"	"4,330.50"	"4,151.15"	"4,163.10"	"4,292.00"	"4,297.60"	"4,248.00"	"4,330.50"	"3,295.00"	"9,21,652"	"3,91,51,76,732.70"	"79,173"				22-03-2024	2841.50					22-03-2024	4297.6
21-03-2024	EQ	"2,845.00"	"2,845.40"	"2,806.00"	"2,824.90"	"2,818.80"	"2,821.15"	"2,827.50"	"3,568.00"	"2,708.65"	"11,67,680"	"3,30,16,16,043.45"	"81,700"	EQ	"4,117.00"	"4,238.00"	"4,091.50"	"4,056.35"	"4,158.00"	"4,163.10"	"4,171.84"	"4,238.00"	"3,295.00"	"11,30,832"	"4,71,76,51,353.95"	"1,22,479"				21-03-2024	2821.15					21-03-2024	4163.1
20-03-2024	EQ	"2,815.10"	"2,837.05"	"2,797.55"	"2,815.10"	"2,835.00"	"2,824.90"	"2,816.72"	"3,568.00"	"2,708.65"	"8,18,910"	"2,30,66,41,646.85"	"80,385"	EQ	"4,015.00"	"4,068.00"	"4,009.25"	"4,014.10"	"4,049.95"	"4,056.35"	"4,046.78"	"4,206.00"	"3,295.00"	"3,46,426"	"1,40,19,09,028.75"	"45,163"				20-03-2024	2824.90					20-03-2024	4056.35
19-03-2024	EQ	"2,840.00"	"2,840.00"	"2,801.00"	"2,846.50"	"2,813.55"	"2,815.10"	"2,812.89"	"3,568.00"	"2,708.65"	"11,99,135"	"3,37,30,29,859.70"	"87,075"	EQ	"4,008.00"	"4,046.05"	"3,983.05"	"4,010.55"	"4,006.00"	"4,014.10"	"4,023.11"	"4,206.00"	"3,295.00"	"4,51,330"	"1,81,57,49,844.05"	"39,740"				19-03-2024	2815.10					19-03-2024	4014.1
18-03-2024	EQ	"2,866.00"	"2,866.00"	"2,817.25"	"2,867.55"	"2,845.00"	"2,846.50"	"2,838.32"	"3,568.00"	"2,708.65"	"9,40,424"	"2,66,92,23,600.40"	"81,997"	EQ	"3,932.10"	"4,019.00"	"3,918.70"	"3,932.10"	"4,000.00"	"4,010.55"	"3,990.28"	"4,206.00"	"3,295.00"	"2,30,448"	"91,95,51,488.30"	"27,791"				18-03-2024	2846.50					18-03-2024	4010.55
15-03-2024	EQ	"2,895.00"	"2,896.95"	"2,850.00"	"2,892.25"	"2,859.30"	"2,867.55"	"2,873.34"	"3,568.00"	"2,708.65"	"13,56,226"	"3,89,69,00,843.55"	"1,02,968"	EQ	"4,019.45"	"4,035.00"	"3,904.00"	"4,019.25"	"3,912.00"	"3,932.10"	"3,948.09"	"4,206.00"	"3,292.00"	"3,48,203"	"1,37,47,35,732.95"	"47,833"				15-03-2024	2867.55					15-03-2024	3932.1
14-03-2024	EQ	"2,860.00"	"2,898.05"	"2,841.00"	"2,860.15"	"2,898.00"	"2,892.25"	"2,884.47"	"3,568.00"	"2,708.65"	"13,81,741"	"3,98,55,87,935.20"	"1,08,233"	EQ	"3,966.95"	"4,040.00"	"3,890.00"	"3,967.80"	"4,032.00"	"4,019.25"	"3,962.14"	"4,206.00"	"3,292.00"	"3,55,226"	"1,40,74,56,574.05"	"42,904"				14-03-2024	2892.25					14-03-2024	4019.25
13-03-2024	EQ	"2,878.60"	"2,887.25"	"2,835.00"	"2,876.15"	"2,853.00"	"2,860.15"	"2,857.70"	"3,568.00"	"2,708.65"	"9,55,841"	"2,73,15,09,386.65"	"95,622"	EQ	"4,055.00"	"4,056.00"	"3,932.05"	"4,031.70"	"3,970.00"	"3,967.80"	"3,978.66"	"4,206.00"	"3,292.00"	"5,21,699"	"2,07,56,61,388.80"	"52,382"				13-03-2024	2860.15					13-03-2024	3967.8
12-03-2024	EQ	"2,880.00"	"2,899.90"	"2,865.45"	"2,876.85"	"2,878.00"	"2,876.15"	"2,882.92"	"3,568.00"	"2,708.65"	"6,63,186"	"1,91,19,09,308.40"	"66,823"	EQ	"3,999.00"	"4,042.00"	"3,900.00"	"3,979.65"	"4,028.40"	"4,031.70"	"4,022.08"	"4,206.00"	"3,292.00"	"4,99,999"	"2,01,10,34,651.20"	"65,538"				12-03-2024	2876.15					12-03-2024	4031.7
11-03-2024	EQ	"2,895.55"	"2,896.55"	"2,853.10"	"2,870.55"	"2,880.00"	"2,876.85"	"2,873.27"	"3,568.00"	"2,708.65"	"8,66,546"	"2,48,98,19,913.95"	"73,604"	EQ	"3,948.85"	"4,025.00"	"3,936.05"	"3,925.95"	"3,986.00"	"3,979.65"	"3,985.47"	"4,206.00"	"3,292.00"	"6,89,781"	"2,74,90,98,040.80"	"73,724"				11-03-2024	2876.85					11-03-2024	3979.65
07-03-2024	EQ	"2,825.00"	"2,894.00"	"2,825.00"	"2,827.30"	"2,869.90"	"2,870.55"	"2,869.67"	"3,568.00"	"2,708.65"	"15,64,364"	"4,48,92,07,109.35"	"1,17,954"	EQ	"3,888.65"	"3,942.65"	"3,877.20"	"3,888.65"	"3,923.00"	"3,925.95"	"3,916.56"	"4,206.00"	"3,292.00"	"3,30,459"	"1,29,42,61,023.15"	"44,335"				07-03-2024	2870.55					07-03-2024	3925.95
06-03-2024	EQ	"2,827.95"	"2,839.00"	"2,777.75"	"2,820.40"	"2,834.00"	"2,827.30"	"2,811.89"	"3,568.00"	"2,708.65"	"17,23,066"	"4,84,50,72,755.85"	"88,947"	EQ	"3,834.50"	"3,895.00"	"3,825.15"	"3,834.50"	"3,892.00"	"3,888.65"	"3,870.48"	"4,206.00"	"3,292.00"	"3,08,886"	"1,19,55,38,533.15"	"40,993"				06-03-2024	2827.30					06-03-2024	3888.65
05-03-2024	EQ	"2,834.00"	"2,834.85"	"2,805.00"	"2,831.75"	"2,819.00"	"2,820.40"	"2,822.27"	"3,568.00"	"2,708.65"	"7,36,381"	"2,07,82,67,723.40"	"80,666"	EQ	"3,830.00"	"3,884.35"	"3,811.30"	"3,846.35"	"3,830.05"	"3,834.50"	"3,850.32"	"4,206.00"	"3,292.00"	"1,85,829"	"71,55,01,819.85"	"26,342"				05-03-2024	2820.40					05-03-2024	3834.5
04-03-2024	EQ	"2,860.00"	"2,860.95"	"2,828.00"	"2,849.80"	"2,829.90"	"2,831.75"	"2,836.16"	"3,568.00"	"2,708.65"	"9,71,299"	"2,75,47,63,776.70"	"85,927"	EQ	"3,870.95"	"3,878.65"	"3,831.00"	"3,868.25"	"3,851.15"	"3,846.35"	"3,847.89"	"4,206.00"	"3,292.00"	"1,53,055"	"58,89,38,887.15"	"20,849"				04-03-2024	2831.75					04-03-2024	3846.35
02-03-2024	EQ	"2,840.00"	"2,862.10"	"2,836.05"	"2,831.75"	"2,849.20"	"2,849.80"	"2,850.35"	"3,568.00"	"2,708.65"	"89,988"	"25,64,97,665.95"	"8,918"	EQ	"3,913.00"	"3,913.00"	"3,856.65"	"3,884.15"	"3,874.95"	"3,868.25"	"3,877.90"	"4,206.00"	"3,292.00"	"11,564"	"4,48,44,040.20"	"2,231"				02-03-2024	2849.80					02-03-2024	3868.25
01-03-2024	EQ	"2,832.90"	"2,845.95"	"2,815.05"	"2,821.90"	"2,834.00"	"2,831.75"	"2,831.50"	"3,568.00"	"2,708.65"	"9,78,174"	"2,76,97,00,529.90"	"1,08,138"	EQ	"3,925.00"	"3,936.75"	"3,867.00"	"3,918.90"	"3,896.25"	"3,884.15"	"3,886.01"	"4,206.00"	"3,292.00"	"2,61,674"	"1,01,68,66,927.85"	"36,865"				01-03-2024	2831.75					01-03-2024	3884.15
29-02-2024	EQ	"2,785.00"	"2,838.00"	"2,776.75"	"2,794.35"	"2,834.70"	"2,821.90"	"2,810.42"	"3,568.00"	"2,708.65"	"22,84,424"	"6,42,01,87,047.80"	"1,66,939"	EQ	"3,818.40"	"3,940.00"	"3,797.05"	"3,850.00"	"3,915.20"	"3,918.90"	"3,889.51"	"4,206.00"	"3,292.00"	"4,99,782"	"1,94,39,06,938.05"	"54,851"				29-02-2024	2821.90					29-02-2024	3918.9
28-02-2024	EQ	"2,850.15"	"2,859.40"	"2,785.50"	"2,859.55"	"2,789.50"	"2,794.35"	"2,807.58"	"3,568.00"	"2,708.65"	"24,72,196"	"6,94,08,85,579.35"	"2,12,934"	EQ	"3,856.40"	"3,948.30"	"3,838.10"	"3,852.20"	"3,851.80"	"3,850.00"	"3,898.29"	"4,206.00"	"3,292.00"	"5,05,405"	"1,97,02,15,477.30"	"54,484"				28-02-2024	2794.35					28-02-2024	3850
27-02-2024	EQ	"2,855.00"	"2,870.00"	"2,850.10"	"2,868.45"	"2,859.60"	"2,859.55"	"2,859.78"	"3,568.00"	"2,708.65"	"12,96,180"	"3,70,67,84,500.60"	"1,22,760"	EQ	"3,859.00"	"3,885.00"	"3,818.05"	"3,850.35"	"3,841.55"	"3,852.20"	"3,857.62"	"4,206.00"	"3,292.00"	"2,56,237"	"98,84,63,881.35"	"38,900"				27-02-2024	2859.55					27-02-2024	3852.2
26-02-2024	EQ	"2,920.00"	"2,930.00"	"2,847.80"	"2,985.95"	"2,868.00"	"2,868.45"	"2,873.04"	"3,568.00"	"2,708.65"	"35,24,491"	"10,12,60,02,330.90"	"2,31,648"	EQ	"3,840.55"	"3,859.00"	"3,796.25"	"3,840.55"	"3,852.00"	"3,850.35"	"3,838.13"	"4,206.00"	"3,292.00"	"3,46,646"	"1,33,04,73,170.85"	"49,802"				26-02-2024	2868.45					26-02-2024	3850.35
23-02-2024	EQ	"2,999.00"	"3,005.00"	"2,966.20"	"3,017.40"	"2,982.85"	"2,985.95"	"2,982.15"	"3,568.00"	"2,700.10"	"16,50,523"	"4,92,21,09,873.85"	"96,242"	EQ	"3,860.00"	"3,872.00"	"3,828.65"	"3,851.45"	"3,849.00"	"3,840.55"	"3,843.92"	"4,206.00"	"3,292.00"	"2,26,731"	"87,15,35,597.30"	"29,696"				23-02-2024	2985.95					23-02-2024	3840.55
22-02-2024	EQ	"2,983.00"	"3,027.20"	"2,932.10"	"3,001.80"	"3,007.00"	"3,017.40"	"2,981.94"	"3,568.00"	"2,700.10"	"26,15,821"	"7,80,02,29,559.05"	"1,85,909"	EQ	"3,860.00"	"3,869.00"	"3,801.85"	"3,835.75"	"3,848.00"	"3,851.45"	"3,841.80"	"4,206.00"	"3,292.00"	"2,37,411"	"91,20,85,513.35"	"32,965"				22-02-2024	3017.40					22-02-2024	3851.45
21-02-2024	EQ	"3,012.05"	"3,026.75"	"2,983.50"	"3,011.65"	"2,990.00"	"3,001.80"	"3,010.99"	"3,568.00"	"2,700.10"	"9,27,130"	"2,79,15,76,252.00"	"93,289"	EQ	"3,752.00"	"3,889.00"	"3,752.00"	"3,756.20"	"3,833.00"	"3,835.75"	"3,837.42"	"4,206.00"	"3,292.00"	"5,92,509"	"2,27,37,08,803.50"	"62,565"				21-02-2024	3001.80					21-02-2024	3835.75
20-02-2024	EQ	"2,998.10"	"3,017.10"	"2,972.10"	"2,998.10"	"3,014.00"	"3,011.65"	"2,999.94"	"3,568.00"	"2,700.10"	"7,29,371"	"2,18,80,67,985.05"	"76,225"	EQ	"3,701.00"	"3,784.00"	"3,691.40"	"3,707.25"	"3,751.60"	"3,756.20"	"3,743.23"	"4,206.00"	"3,292.00"	"3,16,518"	"1,18,47,99,219.05"	"31,286"				20-02-2024	3011.65					20-02-2024	3756.2
19-02-2024	EQ	"3,007.90"	"3,018.70"	"2,987.50"	"3,007.90"	"2,998.00"	"2,998.10"	"3,002.41"	"3,568.00"	"2,700.10"	"5,60,700"	"1,68,34,52,581.50"	"60,876"	EQ	"3,673.30"	"3,722.00"	"3,673.30"	"3,693.30"	"3,707.00"	"3,707.25"	"3,705.48"	"4,206.00"	"3,292.00"	"2,26,669"	"83,99,17,737.35"	"22,636"				19-02-2024	2998.10					19-02-2024	3707.25
16-02-2024	EQ	"3,035.00"	"3,035.00"	"3,000.00"	"3,016.55"	"3,007.00"	"3,007.90"	"3,020.32"	"3,568.00"	"2,700.10"	"11,79,473"	"3,56,23,91,587.10"	"89,563"	EQ	"3,698.60"	"3,724.65"	"3,665.10"	"3,678.60"	"3,690.00"	"3,693.30"	"3,689.26"	"4,206.00"	"3,292.00"	"7,26,598"	"2,68,06,10,243.00"	"30,894"				16-02-2024	3007.90					16-02-2024	3693.3
15-02-2024	EQ	"2,980.00"	"3,024.50"	"2,967.45"	"2,976.40"	"3,017.85"	"3,016.55"	"2,997.93"	"3,568.00"	"2,700.10"	"10,68,730"	"3,20,39,75,021.30"	"96,818"	EQ	"3,722.40"	"3,729.95"	"3,671.35"	"3,722.40"	"3,685.00"	"3,678.60"	"3,684.99"	"4,206.00"	"3,292.00"	"5,07,420"	"1,86,98,39,975.35"	"26,272"				15-02-2024	3016.55					15-02-2024	3678.6
14-02-2024	EQ	"2,969.90"	"2,980.80"	"2,936.05"	"2,971.60"	"2,974.00"	"2,976.40"	"2,953.41"	"3,568.00"	"2,700.10"	"7,50,339"	"2,21,60,62,148.85"	"79,621"	EQ	"3,700.00"	"3,739.00"	"3,691.05"	"3,703.20"	"3,711.00"	"3,722.40"	"3,709.70"	"4,206.00"	"3,292.00"	"2,57,694"	"95,59,67,821.95"	"20,867"				14-02-2024	2976.40					14-02-2024	3722.4
13-02-2024	EQ	"2,964.95"	"2,981.25"	"2,945.70"	"2,953.80"	"2,972.05"	"2,971.60"	"2,967.53"	"3,568.00"	"2,700.10"	"7,17,118"	"2,12,80,69,980.50"	"60,920"	EQ	"3,685.05"	"3,728.00"	"3,660.90"	"3,675.60"	"3,700.00"	"3,703.20"	"3,702.36"	"4,206.00"	"3,292.00"	"2,94,135"	"1,08,89,93,408.20"	"31,032"				13-02-2024	2971.60					13-02-2024	3703.2
12-02-2024	EQ	"2,951.65"	"2,964.95"	"2,920.05"	"2,951.65"	"2,959.00"	"2,953.80"	"2,943.98"	"3,568.00"	"2,700.10"	"6,14,469"	"1,80,89,84,058.55"	"58,111"	EQ	"3,719.20"	"3,734.95"	"3,644.30"	"3,719.20"	"3,675.00"	"3,675.60"	"3,678.59"	"4,206.00"	"3,292.00"	"1,99,148"	"73,25,83,085.05"	"24,378"				12-02-2024	2953.80					12-02-2024	3675.6
09-02-2024	EQ	"2,930.00"	"2,959.00"	"2,910.55"	"2,929.60"	"2,955.95"	"2,951.65"	"2,938.62"	"3,568.00"	"2,700.10"	"11,44,765"	"3,36,40,27,574.45"	"1,04,927"	EQ	"3,732.15"	"3,758.00"	"3,699.00"	"3,731.05"	"3,723.00"	"3,719.20"	"3,726.93"	"4,206.00"	"3,292.00"	"3,06,425"	"1,14,20,23,531.95"	"21,085"				09-02-2024	2951.65					09-02-2024	3719.2
08-02-2024	EQ	"2,999.75"	"2,999.75"	"2,919.80"	"2,981.15"	"2,932.00"	"2,929.60"	"2,942.95"	"3,568.00"	"2,700.10"	"16,33,654"	"4,80,77,56,583.60"	"1,38,167"	EQ	"3,718.95"	"3,787.95"	"3,715.00"	"3,717.70"	"3,729.90"	"3,731.05"	"3,750.72"	"4,206.00"	"3,292.00"	"2,61,689"	"98,15,21,272.30"	"33,232"				08-02-2024	2929.60					08-02-2024	3731.05
07-02-2024	EQ	"2,957.00"	"3,002.95"	"2,936.05"	"2,930.95"	"2,985.00"	"2,981.15"	"2,967.20"	"3,568.00"	"2,700.10"	"11,34,012"	"3,36,48,43,397.40"	"94,761"	EQ	"3,759.00"	"3,785.00"	"3,703.00"	"3,727.40"	"3,716.00"	"3,717.70"	"3,722.21"	"4,206.00"	"3,292.00"	"1,73,087"	"64,42,65,505.70"	"22,707"				07-02-2024	2981.15					07-02-2024	3717.7
06-02-2024	EQ	"2,931.00"	"2,947.00"	"2,902.65"	"2,917.35"	"2,946.00"	"2,930.95"	"2,925.04"	"3,568.00"	"2,700.10"	"14,71,312"	"4,30,36,48,767.45"	"1,05,344"	EQ	"3,730.00"	"3,737.70"	"3,702.05"	"3,729.60"	"3,737.00"	"3,727.40"	"3,719.67"	"4,206.00"	"3,292.00"	"1,48,110"	"55,09,20,790.70"	"22,162"				06-02-2024	2930.95					06-02-2024	3727.4
05-02-2024	EQ	"2,950.00"	"2,965.00"	"2,912.00"	"2,936.30"	"2,915.75"	"2,917.35"	"2,939.08"	"3,568.00"	"2,700.10"	"9,23,435"	"2,71,40,53,455.50"	"98,327"	EQ	"3,785.00"	"3,791.55"	"3,720.05"	"3,784.30"	"3,729.00"	"3,729.60"	"3,742.71"	"4,206.00"	"3,292.00"	"2,16,052"	"80,86,20,557.30"	"24,647"				05-02-2024	2917.35					05-02-2024	3729.6
02-02-2024	EQ	"2,950.00"	"2,962.35"	"2,924.05"	"2,929.35"	"2,936.35"	"2,936.30"	"2,943.51"	"3,568.00"	"2,694.00"	"18,81,911"	"5,53,94,25,205.40"	"1,71,522"	EQ	"3,808.20"	"3,815.00"	"3,770.00"	"3,808.20"	"3,771.00"	"3,784.30"	"3,789.87"	"4,206.00"	"3,292.00"	"1,86,318"	"70,61,21,419.05"	"25,854"				02-02-2024	2936.30					02-02-2024	3784.3
01-02-2024	EQ	"2,961.00"	"2,972.85"	"2,919.95"	"2,957.85"	"2,926.10"	"2,929.35"	"2,933.01"	"3,568.00"	"2,694.00"	"30,06,472"	"8,81,80,24,560.35"	"1,41,696"	EQ	"3,810.00"	"3,826.60"	"3,772.00"	"3,792.70"	"3,792.00"	"3,808.20"	"3,802.95"	"4,206.00"	"3,292.00"	"1,88,297"	"71,60,83,953.55"	"22,581"				01-02-2024	2929.35					01-02-2024	3808.2
31-01-2024	EQ	"2,966.00"	"2,971.90"	"2,948.05"	"2,954.10"	"2,964.00"	"2,957.85"	"2,955.88"	"3,568.00"	"2,694.00"	"17,71,244"	"5,23,55,84,031.15"	"1,20,914"	EQ	"3,680.00"	"3,821.40"	"3,652.75"	"3,687.30"	"3,810.00"	"3,792.70"	"3,737.71"	"4,206.00"	"3,292.00"	"3,53,880"	"1,32,27,00,337.45"	"42,575"				31-01-2024	2957.85					31-01-2024	3792.7
30-01-2024	EQ	"2,990.00"	"3,005.00"	"2,951.05"	"2,976.05"	"2,959.00"	"2,954.10"	"2,973.70"	"3,568.00"	"2,694.00"	"12,73,188"	"3,78,60,74,346.25"	"69,876"	EQ	"3,740.00"	"3,772.85"	"3,680.00"	"3,749.40"	"3,699.00"	"3,687.30"	"3,722.82"	"4,206.00"	"3,292.00"	"2,63,265"	"98,00,89,118.40"	"25,384"				30-01-2024	2954.10					30-01-2024	3687.3
29-01-2024	EQ	"2,940.05"	"2,988.45"	"2,940.05"	"2,949.20"	"2,978.00"	"2,976.05"	"2,971.57"	"3,568.00"	"2,694.00"	"18,62,723"	"5,53,52,15,219.50"	"1,06,094"	EQ	"3,700.00"	"3,764.20"	"3,689.00"	"3,734.25"	"3,764.20"	"3,749.40"	"3,718.63"	"4,206.00"	"3,292.00"	"2,16,522"	"80,51,65,861.85"	"30,423"				29-01-2024	2976.05					29-01-2024	3749.4
25-01-2024	EQ	"3,010.05"	"3,016.00"	"2,942.30"	"2,999.45"	"2,949.10"	"2,949.20"	"2,961.59"	"3,568.00"	"2,685.85"	"20,01,961"	"5,92,89,87,578.85"	"1,65,587"	EQ	"3,731.00"	"3,750.00"	"3,695.50"	"3,727.75"	"3,745.00"	"3,734.25"	"3,722.88"	"4,206.00"	"3,292.00"	"2,00,269"	"74,55,76,877.15"	"20,247"				25-01-2024	2949.20					25-01-2024	3734.25
24-01-2024	EQ	"3,055.00"	"3,055.00"	"2,976.10"	"3,054.70"	"3,001.95"	"2,999.45"	"2,999.09"	"3,568.00"	"2,685.85"	"26,65,932"	"7,99,53,80,686.90"	"1,91,460"	EQ	"3,675.90"	"3,748.00"	"3,646.05"	"3,675.90"	"3,720.00"	"3,727.75"	"3,683.59"	"4,206.00"	"3,292.00"	"3,16,651"	"1,16,64,11,333.80"	"35,707"				24-01-2024	2999.45					24-01-2024	3727.75
23-01-2024	EQ	"3,087.55"	"3,109.00"	"3,021.55"	"3,138.80"	"3,073.95"	"3,054.70"	"3,061.31"	"3,568.00"	"2,685.85"	"23,65,225"	"7,24,06,83,404.70"	"1,77,182"	EQ	"3,675.00"	"3,714.00"	"3,651.05"	"3,676.50"	"3,672.00"	"3,675.90"	"3,671.32"	"4,206.00"	"3,292.00"	"2,99,750"	"1,10,04,79,058.05"	"38,566"				23-01-2024	3054.70					23-01-2024	3675.9
20-01-2024	EQ	"3,179.90"	"3,189.20"	"3,130.35"	"3,165.85"	"3,142.85"	"3,138.80"	"3,156.45"	"3,568.00"	"2,685.85"	"2,75,937"	"87,09,82,603.55"	"30,633"	EQ	"3,705.00"	"3,719.90"	"3,667.00"	"3,731.70"	"3,681.00"	"3,676.50"	"3,683.99"	"4,206.00"	"3,292.00"	"3,40,503"	"1,25,44,10,115.50"	"37,186"				20-01-2024	3138.80					20-01-2024	3676.5
19-01-2024	EQ	"3,177.80"	"3,201.55"	"3,148.60"	"3,163.85"	"3,166.00"	"3,165.85"	"3,171.07"	"3,568.00"	"2,685.85"	"9,36,201"	"2,96,87,57,419.35"	"1,07,564"	EQ	"3,762.95"	"3,768.70"	"3,704.50"	"3,748.85"	"3,745.00"	"3,731.70"	"3,725.25"	"4,206.00"	"3,292.00"	"5,65,533"	"2,10,67,51,916.50"	"48,776"				19-01-2024	3165.85					19-01-2024	3731.7
18-01-2024	EQ	"3,257.95"	"3,257.95"	"3,048.60"	"3,242.30"	"3,173.00"	"3,163.85"	"3,147.43"	"3,568.00"	"2,685.85"	"19,79,174"	"6,22,93,11,861.10"	"1,88,313"	EQ	"3,786.45"	"3,790.00"	"3,740.00"	"3,786.45"	"3,748.00"	"3,748.85"	"3,752.27"	"4,206.00"	"3,292.00"	"4,89,754"	"1,83,76,89,966.00"	"52,535"				18-01-2024	3163.85					18-01-2024	3748.85
17-01-2024	EQ	"3,294.10"	"3,304.35"	"3,193.05"	"3,296.90"	"3,249.70"	"3,242.30"	"3,264.05"	"3,568.00"	"2,685.85"	"22,39,241"	"7,30,89,99,438.65"	"1,46,143"	EQ	"3,750.00"	"3,811.90"	"3,750.00"	"3,828.30"	"3,782.00"	"3,786.45"	"3,798.42"	"4,206.00"	"3,292.00"	"5,16,399"	"1,96,14,98,708.90"	"37,585"				17-01-2024	3242.30					17-01-2024	3786.45
16-01-2024	EQ	"3,274.95"	"3,320.00"	"3,273.90"	"3,273.90"	"3,302.75"	"3,296.90"	"3,300.41"	"3,568.00"	"2,685.85"	"7,48,215"	"2,46,94,16,279.50"	"90,527"	EQ	"3,860.00"	"3,865.00"	"3,807.00"	"3,858.25"	"3,825.10"	"3,828.30"	"3,847.46"	"4,206.00"	"3,292.00"	"4,45,672"	"1,71,47,05,081.10"	"31,482"				16-01-2024	3296.90					16-01-2024	3828.3
15-01-2024	EQ	"3,282.20"	"3,287.20"	"3,258.60"	"3,277.80"	"3,280.00"	"3,273.90"	"3,268.89"	"3,568.00"	"2,685.85"	"7,28,116"	"2,38,01,31,693.25"	"71,432"	EQ	"3,924.95"	"3,933.00"	"3,851.00"	"3,841.00"	"3,855.05"	"3,858.25"	"3,871.77"	"4,206.00"	"3,292.00"	"5,05,101"	"1,95,56,32,982.35"	"38,601"				15-01-2024	3273.90					15-01-2024	3858.25
12-01-2024	EQ	"3,294.95"	"3,294.95"	"3,244.00"	"3,288.20"	"3,287.25"	"3,277.80"	"3,265.68"	"3,568.00"	"2,685.85"	"6,73,004"	"2,19,78,18,060.50"	"87,373"	EQ	"3,827.95"	"3,848.00"	"3,794.10"	"3,821.35"	"3,843.00"	"3,841.00"	"3,814.82"	"4,206.00"	"3,292.00"	"4,56,627"	"1,74,19,49,639.70"	"51,041"				12-01-2024	3277.80					12-01-2024	3841
11-01-2024	EQ	"3,286.85"	"3,309.20"	"3,270.70"	"3,286.85"	"3,285.00"	"3,288.20"	"3,285.11"	"3,568.00"	"2,685.85"	"5,37,469"	"1,76,56,43,934.30"	"74,706"	EQ	"3,845.00"	"3,845.00"	"3,805.00"	"3,822.00"	"3,827.00"	"3,821.35"	"3,820.72"	"4,206.00"	"3,292.00"	"2,13,492"	"81,56,93,892.65"	"25,489"				11-01-2024	3288.20					11-01-2024	3821.35
10-01-2024	EQ	"3,292.00"	"3,293.00"	"3,258.20"	"3,267.50"	"3,285.00"	"3,286.85"	"3,276.23"	"3,568.00"	"2,685.85"	"6,91,087"	"2,26,41,57,869.20"	"59,565"	EQ	"3,818.90"	"3,837.95"	"3,792.35"	"3,810.75"	"3,823.00"	"3,822.00"	"3,812.31"	"4,206.00"	"3,292.00"	"3,38,253"	"1,28,95,24,775.00"	"45,735"				10-01-2024	3286.85					10-01-2024	3822
09-01-2024	EQ	"3,310.00"	"3,315.00"	"3,262.25"	"3,298.40"	"3,272.25"	"3,267.50"	"3,288.37"	"3,568.00"	"2,685.85"	"6,70,704"	"2,20,55,22,435.20"	"58,748"	EQ	"3,810.10"	"3,850.00"	"3,787.00"	"3,804.40"	"3,818.95"	"3,810.75"	"3,805.11"	"4,206.00"	"3,292.00"	"4,40,688"	"1,67,68,64,669.85"	"43,380"				09-01-2024	3267.50					09-01-2024	3810.75
08-01-2024	EQ	"3,355.00"	"3,376.50"	"3,294.85"	"3,355.55"	"3,301.00"	"3,298.40"	"3,322.10"	"3,568.00"	"2,685.85"	"5,45,884"	"1,81,34,83,826.75"	"62,730"	EQ	"3,893.95"	"3,919.90"	"3,791.00"	"3,863.50"	"3,814.50"	"3,804.40"	"3,835.04"	"4,206.00"	"3,292.00"	"6,92,896"	"2,65,72,83,724.35"	"54,922"				08-01-2024	3298.40					08-01-2024	3804.4
05-01-2024	EQ	"3,379.95"	"3,380.40"	"3,348.00"	"3,379.95"	"3,352.00"	"3,355.55"	"3,364.27"	"3,568.00"	"2,685.85"	"4,16,956"	"1,40,27,51,510.35"	"68,006"	EQ	"3,902.00"	"3,940.00"	"3,810.00"	"3,897.85"	"3,880.00"	"3,863.50"	"3,867.98"	"4,206.00"	"3,292.00"	"5,13,823"	"1,98,74,55,241.75"	"48,459"				05-01-2024	3355.55					05-01-2024	3863.5
04-01-2024	EQ	"3,372.00"	"3,401.25"	"3,363.80"	"3,373.60"	"3,375.35"	"3,379.95"	"3,385.28"	"3,568.00"	"2,685.85"	"7,77,127"	"2,63,07,94,902.25"	"73,687"	EQ	"3,965.00"	"3,965.00"	"3,888.00"	"3,932.35"	"3,903.95"	"3,897.85"	"3,906.30"	"4,206.00"	"3,292.00"	"7,54,490"	"2,94,72,64,163.80"	"68,295"				04-01-2024	3379.95					04-01-2024	3897.85
03-01-2024	EQ	"3,391.35"	"3,399.00"	"3,365.00"	"3,391.35"	"3,374.95"	"3,373.60"	"3,384.56"	"3,568.00"	"2,685.85"	"3,79,131"	"1,28,31,91,878.95"	"45,139"	EQ	"4,080.00"	"4,080.00"	"3,919.40"	"4,103.35"	"3,940.00"	"3,932.35"	"3,966.82"	"4,206.00"	"3,292.00"	"9,64,470"	"3,82,58,82,144.90"	"1,05,162"				03-01-2024	3373.60					03-01-2024	3932.35
02-01-2024	EQ	"3,396.00"	"3,398.90"	"3,345.00"	"3,396.10"	"3,390.00"	"3,391.35"	"3,375.92"	"3,568.00"	"2,685.85"	"5,52,394"	"1,86,48,37,635.55"	"58,169"	EQ	"4,070.00"	"4,155.00"	"4,006.25"	"4,064.75"	"4,091.00"	"4,103.35"	"4,068.07"	"4,206.00"	"3,292.00"	"8,43,252"	"3,43,04,04,309.45"	"43,456"				02-01-2024	3391.35					02-01-2024	4103.35
01-01-2024	EQ	"3,403.00"	"3,411.80"	"3,389.15"	"3,402.40"	"3,390.00"	"3,396.10"	"3,397.12"	"3,568.00"	"2,685.85"	"2,83,951"	"96,46,15,249.85"	"41,365"	EQ	"4,075.00"	"4,080.00"	"4,042.10"	"4,082.65"	"4,065.00"	"4,064.75"	"4,064.09"	"4,206.00"	"3,292.00"	"1,31,614"	"53,48,90,999.00"	"18,875"				01-01-2024	3396.10					01-01-2024	4064.75
29-12-2023	EQ	"3,410.00"	"3,422.95"	"3,383.90"	"3,397.25"	"3,394.75"	"3,402.40"	"3,401.15"	"3,568.00"	"2,685.85"	"6,15,676"	"2,09,40,08,563.40"	"67,005"	EQ	"4,045.10"	"4,098.90"	"3,984.20"	"4,044.65"	"4,060.00"	"4,082.65"	"4,056.30"	"4,207.95"	"3,292.00"	"2,24,994"	"91,26,43,430.70"	"26,564"				29-12-2023	3402.40					29-12-2023	4082.65
28-12-2023	EQ	"3,405.00"	"3,419.95"	"3,373.05"	"3,404.45"	"3,399.50"	"3,397.25"	"3,392.66"	"3,568.00"	"2,685.85"	"7,79,250"	"2,64,37,32,575.20"	"84,398"	EQ	"4,048.90"	"4,058.40"	"4,015.00"	"4,027.45"	"4,045.00"	"4,044.65"	"4,036.70"	"4,207.95"	"3,292.00"	"4,03,866"	"1,63,02,84,749.50"	"36,020"				28-12-2023	3397.25					28-12-2023	4044.65
27-12-2023	EQ	"3,381.05"	"3,409.95"	"3,354.00"	"3,383.35"	"3,400.00"	"3,404.45"	"3,376.34"	"3,568.00"	"2,685.85"	"8,37,182"	"2,82,66,14,984.65"	"87,270"	EQ	"4,020.00"	"4,063.30"	"4,000.00"	"4,023.45"	"4,008.00"	"4,027.45"	"4,034.91"	"4,207.95"	"3,292.00"	"3,49,033"	"1,40,83,18,232.90"	"43,980"				27-12-2023	3404.45					27-12-2023	4027.45
26-12-2023	EQ	"3,349.95"	"3,391.90"	"3,345.20"	"3,341.30"	"3,383.00"	"3,383.35"	"3,370.47"	"3,568.00"	"2,685.85"	"6,00,190"	"2,02,29,25,133.05"	"49,808"	EQ	"4,009.95"	"4,038.20"	"3,995.35"	"4,007.95"	"4,023.90"	"4,023.45"	"4,019.22"	"4,207.95"	"3,292.00"	"2,99,135"	"1,20,22,88,505.70"	"22,896"				26-12-2023	3383.35					26-12-2023	4023.45
22-12-2023	EQ	"3,309.90"	"3,350.80"	"3,287.00"	"3,302.95"	"3,345.00"	"3,341.30"	"3,331.17"	"3,568.00"	"2,685.85"	"9,30,563"	"3,09,98,63,702.20"	"99,092"	EQ	"3,977.95"	"4,015.00"	"3,962.05"	"3,954.50"	"4,010.00"	"4,007.95"	"3,995.49"	"4,207.95"	"3,292.00"	"2,24,831"	"89,83,09,382.55"	"24,375"				22-12-2023	3341.30					22-12-2023	4007.95
21-12-2023	EQ	"3,280.00"	"3,320.00"	"3,271.85"	"3,297.15"	"3,305.65"	"3,302.95"	"3,296.07"	"3,568.00"	"2,685.85"	"15,85,879"	"5,22,71,75,386.60"	"83,813"	EQ	"3,950.00"	"4,009.90"	"3,920.05"	"3,965.90"	"3,956.00"	"3,954.50"	"3,955.83"	"4,207.95"	"3,292.00"	"2,86,850"	"1,13,47,29,052.35"	"41,448"				21-12-2023	3302.95					21-12-2023	3954.5
20-12-2023	EQ	"3,336.05"	"3,359.95"	"3,282.65"	"3,336.05"	"3,288.00"	"3,297.15"	"3,327.79"	"3,568.00"	"2,685.85"	"9,79,762"	"3,26,04,40,870.20"	"81,014"	EQ	"4,011.00"	"4,046.45"	"3,905.00"	"4,021.35"	"3,970.00"	"3,965.90"	"3,974.58"	"4,207.95"	"3,292.00"	"2,44,858"	"97,32,07,021.95"	"31,818"				20-12-2023	3297.15					20-12-2023	3965.9
19-12-2023	EQ	"3,335.95"	"3,353.90"	"3,300.15"	"3,332.05"	"3,335.00"	"3,336.05"	"3,329.54"	"3,568.00"	"2,685.85"	"7,80,448"	"2,59,85,31,549.85"	"62,835"	EQ	"4,010.00"	"4,048.95"	"3,990.25"	"4,010.15"	"4,030.00"	"4,021.35"	"4,017.74"	"4,207.95"	"3,292.00"	"1,85,004"	"74,32,97,339.75"	"25,960"				19-12-2023	3336.05					19-12-2023	4021.35
18-12-2023	EQ	"3,313.00"	"3,335.80"	"3,296.00"	"3,313.90"	"3,335.00"	"3,332.05"	"3,322.04"	"3,568.00"	"2,685.85"	"9,11,936"	"3,02,94,90,833.80"	"67,398"	EQ	"4,045.00"	"4,079.80"	"4,000.00"	"4,045.65"	"4,002.00"	"4,010.15"	"4,038.15"	"4,207.95"	"3,292.00"	"2,21,527"	"89,45,59,551.90"	"28,836"				18-12-2023	3332.05					18-12-2023	4010.15
15-12-2023	EQ	"3,250.00"	"3,326.35"	"3,242.00"	"3,241.35"	"3,312.65"	"3,313.90"	"3,288.17"	"3,568.00"	"2,685.85"	"16,31,687"	"5,36,52,62,123.40"	"1,04,245"	EQ	"4,085.00"	"4,097.90"	"4,017.00"	"4,070.05"	"4,041.75"	"4,045.65"	"4,043.78"	"4,228.95"	"3,292.00"	"3,00,270"	"1,21,42,26,919.95"	"31,779"				15-12-2023	3313.90					15-12-2023	4045.65
14-12-2023	EQ	"3,255.00"	"3,258.60"	"3,218.00"	"3,243.65"	"3,245.75"	"3,241.35"	"3,237.43"	"3,568.00"	"2,685.85"	"9,23,107"	"2,98,84,96,890.30"	"95,724"	EQ	"4,044.95"	"4,081.00"	"3,996.05"	"4,033.05"	"4,079.00"	"4,070.05"	"4,046.33"	"4,228.95"	"3,292.00"	"2,64,682"	"1,07,09,90,252.25"	"28,805"				14-12-2023	3241.35					14-12-2023	4070.05
13-12-2023	EQ	"3,240.00"	"3,254.95"	"3,190.30"	"3,224.75"	"3,237.50"	"3,243.65"	"3,221.45"	"3,568.00"	"2,685.85"	"10,52,079"	"3,38,92,23,419.70"	"82,462"	EQ	"4,075.00"	"4,075.40"	"3,945.10"	"4,075.40"	"4,042.00"	"4,033.05"	"4,011.75"	"4,228.95"	"3,292.00"	"3,88,573"	"1,55,88,58,691.05"	"43,525"				13-12-2023	3243.65					13-12-2023	4033.05
12-12-2023	EQ	"3,228.00"	"3,257.05"	"3,210.00"	"3,233.00"	"3,213.00"	"3,224.75"	"3,231.72"	"3,568.00"	"2,685.85"	"10,19,030"	"3,29,32,19,184.20"	"1,03,825"	EQ	"4,080.90"	"4,100.00"	"4,038.10"	"4,069.75"	"4,073.55"	"4,075.40"	"4,055.83"	"4,228.95"	"3,292.00"	"3,49,447"	"1,41,72,97,555.60"	"29,457"				12-12-2023	3224.75					12-12-2023	4075.4
11-12-2023	EQ	"3,230.00"	"3,245.00"	"3,185.50"	"3,232.00"	"3,240.15"	"3,233.00"	"3,210.75"	"3,568.00"	"2,685.85"	"9,10,426"	"2,92,31,49,196.60"	"74,020"	EQ	"4,070.65"	"4,075.00"	"4,025.05"	"4,070.65"	"4,075.00"	"4,069.75"	"4,046.40"	"4,228.95"	"3,292.00"	"2,39,939"	"97,08,89,721.95"	"25,584"				11-12-2023	3233.00					11-12-2023	4069.75
08-12-2023	EQ	"3,255.00"	"3,269.80"	"3,227.80"	"3,251.80"	"3,229.00"	"3,232.00"	"3,241.09"	"3,568.00"	"2,685.85"	"8,95,852"	"2,90,35,35,270.85"	"1,27,121"	EQ	"4,155.95"	"4,170.00"	"4,027.65"	"4,115.45"	"4,065.00"	"4,070.65"	"4,109.53"	"4,228.95"	"3,292.00"	"4,95,575"	"2,03,65,82,232.85"	"47,713"				08-12-2023	3232.00					08-12-2023	4070.65
07-12-2023	EQ	"3,284.00"	"3,299.95"	"3,246.85"	"3,252.55"	"3,252.00"	"3,251.80"	"3,267.33"	"3,568.00"	"2,685.85"	"10,71,725"	"3,50,16,75,559.25"	"1,18,189"	EQ	"4,140.05"	"4,206.00"	"4,095.00"	"4,137.15"	"4,124.00"	"4,115.45"	"4,123.81"	"4,228.95"	"3,292.00"	"4,14,582"	"1,70,96,57,250.70"	"34,000"				07-12-2023	3251.80					07-12-2023	4115.45
06-12-2023	EQ	"3,265.00"	"3,289.00"	"3,232.95"	"3,226.25"	"3,250.00"	"3,252.55"	"3,266.13"	"3,568.00"	"2,685.85"	"12,29,158"	"4,01,45,89,483.95"	"84,535"	EQ	"4,039.55"	"4,175.00"	"4,039.00"	"4,039.55"	"4,153.00"	"4,137.15"	"4,123.89"	"4,228.95"	"3,292.00"	"8,61,085"	"3,55,10,20,441.60"	"70,238"				06-12-2023	3252.55					06-12-2023	4137.15
05-12-2023	EQ	"3,197.00"	"3,247.65"	"3,180.00"	"3,194.55"	"3,220.20"	"3,226.25"	"3,217.52"	"3,568.00"	"2,685.85"	"10,05,550"	"3,23,53,77,814.60"	"75,863"	EQ	"3,950.00"	"4,041.00"	"3,949.00"	"3,967.10"	"4,036.00"	"4,039.55"	"4,018.24"	"4,228.95"	"3,292.00"	"4,43,420"	"1,78,17,65,965.35"	"38,558"				05-12-2023	3226.25					05-12-2023	4039.55
04-12-2023	EQ	"3,190.00"	"3,204.45"	"3,166.50"	"3,173.40"	"3,196.00"	"3,194.55"	"3,186.39"	"3,568.00"	"2,685.85"	"10,18,189"	"3,24,43,52,091.95"	"78,512"	EQ	"4,000.00"	"4,049.00"	"3,950.05"	"3,988.40"	"3,966.10"	"3,967.10"	"3,998.00"	"4,228.95"	"3,292.00"	"3,89,629"	"1,55,77,36,032.00"	"45,957"				04-12-2023	3194.55					04-12-2023	3967.1
01-12-2023	EQ	"3,146.95"	"3,190.60"	"3,140.25"	"3,119.90"	"3,172.00"	"3,173.40"	"3,169.94"	"3,568.00"	"2,685.85"	"9,60,196"	"3,04,37,67,709.25"	"69,376"	EQ	"3,969.65"	"3,995.00"	"3,931.15"	"3,949.75"	"3,985.00"	"3,988.40"	"3,969.64"	"4,228.95"	"3,292.00"	"3,80,041"	"1,50,86,25,996.20"	"50,483"				01-12-2023	3173.40					01-12-2023	3988.4
30-11-2023	EQ	"3,148.35"	"3,153.95"	"3,108.35"	"3,148.35"	"3,125.20"	"3,119.90"	"3,124.04"	"3,568.00"	"2,685.85"	"17,93,116"	"5,60,17,66,269.50"	"77,072"	EQ	"3,878.00"	"3,962.00"	"3,834.00"	"3,861.50"	"3,950.00"	"3,949.75"	"3,926.61"	"4,228.95"	"3,292.00"	"6,98,850"	"2,74,41,14,333.35"	"59,505"				30-11-2023	3119.90					30-11-2023	3949.75
29-11-2023	EQ	"3,148.35"	"3,170.00"	"3,142.00"	"3,148.35"	"3,149.55"	"3,148.35"	"3,158.69"	"3,568.00"	"2,685.85"	"6,20,725"	"1,96,06,80,377.40"	"61,685"	EQ	"3,915.00"	"3,937.00"	"3,841.00"	"3,912.15"	"3,869.95"	"3,861.50"	"3,898.21"	"4,228.95"	"3,292.00"	"3,33,845"	"1,30,13,97,652.20"	"38,098"				29-11-2023	3148.35					29-11-2023	3861.5
28-11-2023	EQ	"3,141.15"	"3,160.00"	"3,136.15"	"3,136.15"	"3,145.40"	"3,148.35"	"3,150.01"	"3,568.00"	"2,685.85"	"6,47,883"	"2,04,08,37,993.45"	"84,580"	EQ	"3,815.00"	"3,934.00"	"3,815.00"	"3,842.90"	"3,927.00"	"3,912.15"	"3,891.02"	"4,228.95"	"3,292.00"	"4,49,705"	"1,74,98,11,340.35"	"56,231"				28-11-2023	3141.15					28-11-2023	3912.15
24-11-2023	EQ	"3,118.00"	"3,139.80"	"3,111.00"	"3,122.95"	"3,130.20"	"3,136.15"	"3,126.55"	"3,568.00"	"2,685.85"	"7,56,329"	"2,36,46,99,220.40"	"49,189"	EQ	"3,820.00"	"3,869.00"	"3,799.00"	"3,844.40"	"3,845.20"	"3,842.90"	"3,838.04"	"4,228.95"	"3,292.00"	"96,391"	"36,99,52,658.05"	"16,404"				24-11-2023	3118.00					24-11-2023	3842.9
23-11-2023	EQ	"3,148.00"	"3,171.40"	"3,115.15"	"3,133.00"	"3,119.70"	"3,122.95"	"3,139.03"	"3,568.00"	"2,685.85"	"7,92,460"	"2,48,75,57,657.05"	"65,778"	EQ	"3,848.00"	"3,865.00"	"3,798.95"	"3,838.25"	"3,843.00"	"3,844.40"	"3,841.69"	"4,228.95"	"3,292.00"	"2,01,012"	"77,22,25,715.15"	"22,512"				23-11-2023	3148.00					23-11-2023	3844.4
22-11-2023	EQ	"3,140.00"	"3,157.00"	"3,121.20"	"3,133.25"	"3,130.30"	"3,133.00"	"3,139.35"	"3,568.00"	"2,685.85"	"4,89,889"	"1,53,79,31,540.40"	"47,598"	EQ	"3,820.00"	"3,873.85"	"3,812.35"	"3,814.95"	"3,845.00"	"3,838.25"	"3,840.73"	"4,228.95"	"3,292.00"	"2,00,608"	"77,04,80,859.30"	"19,933"				22-11-2023	3140.00					22-11-2023	3838.25
21-11-2023	EQ	"3,156.90"	"3,156.90"	"3,127.00"	"3,140.35"	"3,134.70"	"3,133.25"	"3,135.93"	"3,568.00"	"2,685.85"	"4,09,069"	"1,28,28,13,126.20"	"50,458"	EQ	"3,796.00"	"3,842.00"	"3,796.00"	"3,792.90"	"3,815.15"	"3,814.95"	"3,820.86"	"4,228.95"	"3,292.00"	"1,96,060"	"74,91,17,034.95"	"15,656"				21-11-2023	3156.90					21-11-2023	3814.95
20-11-2023	EQ	"3,168.90"	"3,171.90"	"3,132.00"	"3,168.90"	"3,140.00"	"3,140.35"	"3,146.59"	"3,568.00"	"2,685.85"	"4,06,431"	"1,27,88,69,993.50"	"50,256"	EQ	"3,810.90"	"3,833.00"	"3,771.70"	"3,810.90"	"3,804.00"	"3,792.90"	"3,803.25"	"4,228.95"	"3,292.00"	"2,52,998"	"96,22,14,032.65"	"29,850"				20-11-2023	3168.90					20-11-2023	3792.9
17-11-2023	EQ	"3,150.00"	"3,228.25"	"3,145.65"	"3,130.30"	"3,167.00"	"3,168.90"	"3,196.91"	"3,568.00"	"2,685.85"	"14,30,175"	"4,57,21,43,138.90"	"1,11,559"	EQ	"3,794.95"	"3,843.00"	"3,780.00"	"3,790.25"	"3,806.00"	"3,810.90"	"3,818.47"	"4,228.95"	"3,292.00"	"2,66,479"	"1,01,75,42,794.30"	"32,657"				17-11-2023	3150.00					17-11-2023	3810.9
16-11-2023	EQ	"3,119.00"	"3,140.90"	"3,097.60"	"3,116.20"	"3,131.10"	"3,130.30"	"3,125.99"	"3,568.00"	"2,685.85"	"6,75,454"	"2,11,14,63,858.05"	"70,056"	EQ	"3,795.00"	"3,800.00"	"3,765.00"	"3,791.95"	"3,793.80"	"3,790.25"	"3,785.53"	"4,228.95"	"3,292.00"	"1,48,945"	"56,38,35,253.10"	"16,464"				16-11-2023	3119.00					16-11-2023	3790.25
15-11-2023	EQ	"3,085.70"	"3,118.85"	"3,078.70"	"3,085.60"	"3,115.80"	"3,116.20"	"3,101.22"	"3,568.00"	"2,685.85"	"7,00,017"	"2,17,09,06,897.20"	"64,696"	EQ	"3,810.00"	"3,814.95"	"3,750.10"	"3,798.45"	"3,788.45"	"3,791.95"	"3,769.70"	"4,228.95"	"3,292.00"	"3,72,291"	"1,40,34,24,447.50"	"45,871"				15-11-2023	3085.70					15-11-2023	3791.95
13-11-2023	EQ	"3,098.00"	"3,098.00"	"3,065.00"	"3,098.15"	"3,083.00"	"3,085.60"	"3,079.60"	"3,568.00"	"2,685.85"	"4,05,941"	"1,25,01,34,113.50"	"38,458"	EQ	"3,809.95"	"3,819.80"	"3,740.20"	"3,802.70"	"3,795.05"	"3,798.45"	"3,779.05"	"4,228.95"	"3,292.00"	"1,66,502"	"62,92,19,846.65"	"24,729"				13-11-2023	3098.00					13-11-2023	3798.45
12-11-2023	EQ	"3,099.95"	"3,100.00"	"3,090.00"	"3,076.45"	"3,099.50"	"3,098.15"	"3,097.92"	"3,568.00"	"2,685.85"	"85,178"	"26,38,74,727.45"	"14,342"	EQ	"3,815.00"	"3,825.00"	"3,798.80"	"3,798.40"	"3,802.00"	"3,802.70"	"3,810.64"	"4,228.95"	"3,292.00"	"40,179"	"15,31,07,885.90"	"8,119"				12-11-2023	3099.95					12-11-2023	3802.7
10-11-2023	EQ	"3,070.00"	"3,085.00"	"3,040.10"	"3,080.20"	"3,080.00"	"3,076.45"	"3,063.01"	"3,568.00"	"2,685.85"	"3,64,232"	"1,11,56,47,633.35"	"40,004"	EQ	"3,750.00"	"3,800.00"	"3,738.55"	"3,747.60"	"3,798.80"	"3,798.40"	"3,780.48"	"4,228.95"	"3,292.00"	"2,05,429"	"77,66,20,677.25"	"24,159"				10-11-2023	3070.00					10-11-2023	3798.4
09-11-2023	EQ	"3,100.00"	"3,111.40"	"3,074.05"	"3,095.25"	"3,080.00"	"3,080.20"	"3,092.43"	"3,568.00"	"2,685.85"	"8,49,702"	"2,62,76,43,628.10"	"69,891"	EQ	"3,733.90"	"3,765.00"	"3,725.00"	"3,712.40"	"3,750.00"	"3,747.60"	"3,748.01"	"4,228.95"	"3,292.00"	"2,48,748"	"93,23,09,708.30"	"23,361"				09-11-2023	3100.00					09-11-2023	3747.6
08-11-2023	EQ	"3,058.00"	"3,098.95"	"3,046.20"	"3,033.35"	"3,098.00"	"3,095.25"	"3,081.68"	"3,568.00"	"2,685.85"	"7,83,400"	"2,41,41,88,986.50"	"62,335"	EQ	"3,658.00"	"3,727.95"	"3,658.00"	"3,653.30"	"3,726.80"	"3,712.40"	"3,690.15"	"4,228.95"	"3,292.00"	"2,46,719"	"91,04,31,217.40"	"23,204"				08-11-2023	3058.00					08-11-2023	3712.4
07-11-2023	EQ	"3,029.30"	"3,038.95"	"3,002.20"	"3,029.30"	"3,038.00"	"3,033.35"	"3,022.80"	"3,568.00"	"2,685.85"	"7,57,998"	"2,29,12,79,142.50"	"58,294"	EQ	"3,649.50"	"3,667.95"	"3,636.00"	"3,649.55"	"3,655.10"	"3,653.30"	"3,648.96"	"4,228.95"	"3,292.00"	"2,87,032"	"1,04,73,68,335.10"	"23,881"				07-11-2023	3029.30					07-11-2023	3653.3
06-11-2023	EQ	"2,998.00"	"3,034.05"	"2,983.85"	"2,977.85"	"3,029.70"	"3,029.30"	"3,014.43"	"3,568.00"	"2,685.85"	"6,20,959"	"1,87,18,38,596.55"	"62,963"	EQ	"3,654.55"	"3,692.90"	"3,635.30"	"3,649.70"	"3,649.25"	"3,649.55"	"3,652.74"	"4,228.95"	"3,292.00"	"2,77,254"	"1,01,27,37,455.05"	"35,876"				06-11-2023	2998.00					06-11-2023	3649.55
03-11-2023	EQ	"2,957.00"	"2,982.90"	"2,942.00"	"2,955.40"	"2,978.20"	"2,977.85"	"2,969.90"	"3,568.00"	"2,685.85"	"7,15,997"	"2,12,64,41,016.75"	"70,256"	EQ	"3,667.60"	"3,667.60"	"3,621.25"	"3,647.45"	"3,650.00"	"3,649.70"	"3,652.67"	"4,348.00"	"3,292.00"	"3,16,179"	"1,15,48,97,112.60"	"15,533"				03-11-2023	2957.00					03-11-2023	3649.7
02-11-2023	EQ	"2,961.05"	"2,962.00"	"2,934.00"	"2,934.55"	"2,955.10"	"2,955.40"	"2,948.93"	"3,568.00"	"2,685.85"	"9,00,125"	"2,65,44,01,760.70"	"94,444"	EQ	"3,639.00"	"3,677.95"	"3,624.15"	"3,639.45"	"3,653.00"	"3,647.45"	"3,648.82"	"4,348.00"	"3,292.00"	"2,16,100"	"78,85,10,037.35"	"23,295"				02-11-2023	2961.05					02-11-2023	3647.45
01-11-2023	EQ	"2,997.95"	"3,008.90"	"2,930.00"	"2,995.70"	"2,938.00"	"2,934.55"	"2,954.56"	"3,568.00"	"2,685.85"	"10,29,990"	"3,04,31,65,462.15"	"1,18,913"	EQ	"3,637.50"	"3,660.60"	"3,621.00"	"3,633.40"	"3,628.05"	"3,639.45"	"3,643.60"	"4,348.00"	"3,292.00"	"2,42,467"	"88,34,52,384.35"	"18,703"				01-11-2023	2997.95					01-11-2023	3639.45
31-10-2023	EQ	"2,969.00"	"3,012.75"	"2,966.00"	"2,967.10"	"2,999.00"	"2,995.70"	"2,994.91"	"3,568.00"	"2,685.85"	"11,52,306"	"3,45,10,54,390.80"	"95,564"	EQ	"3,657.65"	"3,671.25"	"3,620.00"	"3,646.65"	"3,632.55"	"3,633.40"	"3,642.72"	"4,348.00"	"3,292.00"	"8,20,386"	"2,98,84,34,850.15"	"34,609"				31-10-2023	2969.00					31-10-2023	3633.4
30-10-2023	EQ	"2,974.00"	"2,991.95"	"2,939.10"	"2,955.15"	"2,973.00"	"2,967.10"	"2,966.44"	"3,568.00"	"2,685.85"	"8,78,885"	"2,60,71,59,628.50"	"74,109"	EQ	"3,686.70"	"3,688.00"	"3,624.25"	"3,665.45"	"3,646.85"	"3,646.65"	"3,648.50"	"4,348.00"	"3,292.00"	"2,54,298"	"92,78,07,247.20"	"34,874"				30-10-2023	2974.00					30-10-2023	3646.65
27-10-2023	EQ	"2,932.80"	"2,974.65"	"2,931.00"	"2,960.30"	"2,959.00"	"2,955.15"	"2,954.69"	"3,568.00"	"2,685.85"	"17,08,185"	"5,04,71,60,433.30"	"1,56,670"	EQ	"3,700.00"	"3,758.00"	"3,651.00"	"3,684.65"	"3,664.95"	"3,665.45"	"3,691.13"	"4,348.00"	"3,292.00"	"3,65,480"	"1,34,90,33,019.05"	"36,295"				27-10-2023	2932.80					27-10-2023	3665.45
26-10-2023	EQ	"3,051.10"	"3,055.00"	"2,940.00"	"3,060.80"	"2,951.00"	"2,960.30"	"2,985.38"	"3,568.00"	"2,685.85"	"18,34,111"	"5,47,55,10,150.55"	"1,61,772"	EQ	"3,728.05"	"3,731.95"	"3,662.00"	"3,740.55"	"3,700.00"	"3,684.65"	"3,693.23"	"4,348.00"	"3,292.00"	"2,89,964"	"1,07,09,04,929.45"	"46,899"				26-10-2023	3051.10					26-10-2023	3684.65
25-10-2023	EQ	"3,093.40"	"3,108.00"	"3,052.00"	"3,072.00"	"3,061.10"	"3,060.80"	"3,081.66"	"3,568.00"	"2,685.85"	"6,69,290"	"2,06,25,23,283.25"	"68,987"	EQ	"3,685.00"	"3,755.00"	"3,620.10"	"3,668.95"	"3,741.00"	"3,740.55"	"3,718.83"	"4,348.00"	"3,292.00"	"3,33,022"	"1,23,84,51,464.15"	"47,110"				25-10-2023	3093.40					25-10-2023	3740.55
