Date	series	OPEN	HIGH	LOW	PREV. CLOSE	ltp	close	vwap	52W H	52W L	VOLUME	VALUE	No of trades									
24-10-2024	EQ	"4,155.75"	"4,187.90"	"4,044.65"	"4,156.10"	"4,059.00"	"4,060.10"	"4,097.93"	"5,484.85"	"3,620.00"	"4,35,991"	"1,78,66,59,724.55"	"48,935"									
23-10-2024	EQ	"4,009.00"	"4,224.80"	"3,978.00"	"4,005.20"	"4,154.45"	"4,156.10"	"4,130.95"	"5,484.85"	"3,620.00"	"6,86,716"	"2,83,67,91,638.30"	"79,899"									
22-10-2024	EQ	"3,999.90"	"4,057.00"	"3,965.90"	"3,973.45"	"4,004.95"	"4,005.20"		"5,484.85"	"3,620.00"	"6,98,102"	"2,79,62,98,406.30"	"77,039"			Number of shares outstanding as of October 2024 : 						"65,08,15,812"
21-10-2024	EQ	"4,000.05"	"4,073.00"	"3,961.00"	"3,986.70"	"3,965.15"	"3,973.45"	"3,996.45"	"5,484.85"	"3,620.00"	"4,94,815"	"1,97,75,03,245.00"	"53,568"									
18-10-2024	EQ	"4,100.00"	"4,114.00"	"3,975.10"	"4,087.70"	"3,990.00"	"3,986.70"	"4,013.90"	"5,484.85"	"3,620.00"	"10,94,839"	"4,39,45,76,919.35"	"1,05,076"									
17-10-2024	EQ	"4,175.00"	"4,180.00"	"4,044.00"	"4,173.80"	"4,121.00"	"4,087.70"	"4,120.40"	"5,484.85"	"3,620.00"	"7,31,365"	"3,01,35,12,809.70"	"74,432"									
16-10-2024	EQ	"4,209.00"	"4,215.00"	"4,149.00"	"4,193.55"	"4,150.00"	"4,173.80"	"4,189.11"	"5,484.85"	"3,620.00"	"6,88,895"	"2,88,58,54,087.85"	"64,434"									
15-10-2024	EQ	"4,230.00"	"4,238.95"	"4,180.60"	"4,183.60"	"4,201.00"	"4,193.55"	"4,198.23"	"5,484.85"	"3,620.00"	"13,55,665"	"5,69,13,89,479.05"	"1,12,868"									
14-10-2024	EQ	"4,204.00"	"4,299.00"	"4,139.95"	"4,572.70"	"4,191.00"	"4,183.60"	"4,204.15"	"5,484.85"	"3,620.00"	"48,76,749"	"20,50,25,83,580.35"	"4,54,617"									
11-10-2024	EQ	"4,643.10"	"4,643.10"	"4,529.00"	"4,607.50"	"4,570.00"	"4,572.70"	"4,559.77"	"5,484.85"	"3,620.00"	"4,10,581"	"1,87,21,55,901.05"	"32,107"									
10-10-2024	EQ	"4,664.80"	"4,698.90"	"4,572.00"	"4,645.40"	"4,612.00"	"4,607.50"	"4,631.71"	"5,484.85"	"3,620.00"	"3,16,729"	"1,46,69,96,181.30"	"46,177"									
09-10-2024	EQ	"4,510.00"	"4,688.75"	"4,481.65"	"4,465.45"	"4,650.00"	"4,645.40"	"4,632.90"	"5,484.85"	"3,620.00"	"10,59,581"	"4,90,89,29,111.10"	"1,10,000"									
08-10-2024	EQ	"4,544.15"	"4,619.90"	"4,435.00"	"4,544.15"	"4,482.95"	"4,465.45"	"4,496.01"	"5,484.85"	"3,620.00"	"10,09,173"	"4,53,72,48,299.95"	"1,06,711"									
07-10-2024	EQ	"4,741.00"	"4,752.90"	"4,518.00"	"4,737.55"	"4,534.00"	"4,544.15"	"4,561.36"	"5,484.85"	"3,620.00"	"18,64,971"	"8,50,68,07,856.20"	"1,82,627"									
04-10-2024	EQ	"4,875.00"	"4,875.00"	"4,696.10"	"4,942.60"	"4,725.00"	"4,737.55"	"4,771.97"	"5,484.85"	"3,616.00"	"29,83,666"	"14,23,79,54,491.85"	"2,69,617"									
03-10-2024	EQ	"4,924.55"	"5,015.00"	"4,881.00"	"4,954.35"	"4,941.00"	"4,942.60"	"4,959.61"	"5,484.85"	"3,616.00"	"6,15,247"	"3,05,13,83,387.40"	"76,674"									
01-10-2024	EQ	"5,095.00"	"5,138.00"	"4,936.10"	"5,096.30"	"4,959.00"	"4,954.35"	"4,989.19"	"5,484.85"	"3,616.00"	"5,62,718"	"2,80,75,06,477.15"	"78,725"									
30-09-2024	EQ	"5,102.30"	"5,215.00"	"5,080.00"	"5,102.30"	"5,109.00"	"5,096.30"	"5,127.47"	"5,484.85"	"3,616.00"	"4,37,174"	"2,24,15,95,825.30"	"55,452"									
27-09-2024	EQ	"5,224.60"	"5,226.00"	"5,090.00"	"5,198.05"	"5,112.00"	"5,102.30"	"5,125.11"	"5,484.85"	"3,616.00"	"5,66,687"	"2,90,43,33,037.60"	"62,974"									
26-09-2024	EQ	"5,313.45"	"5,313.45"	"5,164.00"	"5,265.50"	"5,188.90"	"5,198.05"	"5,205.13"	"5,484.85"	"3,616.00"	"3,72,440"	"1,93,85,99,495.60"	"64,214"									
25-09-2024	EQ	"5,400.00"	"5,417.50"	"5,232.00"	"5,391.45"	"5,300.00"	"5,265.50"	"5,285.53"	"5,484.85"	"3,616.00"	"5,29,354"	"2,79,79,18,813.95"	"50,640"									
24-09-2024	EQ	"5,304.95"	"5,484.85"	"5,231.15"	"5,297.45"	"5,397.85"	"5,391.45"	"5,392.96"	"5,484.85"	"3,616.00"	"6,72,936"	"3,62,91,19,841.60"	"81,580"									
23-09-2024	EQ	"5,355.15"	"5,363.00"	"5,260.25"	"5,320.55"	"5,305.50"	"5,297.45"	"5,294.84"	"5,449.00"	"3,616.00"	"1,79,528"	"95,05,72,389.90"	"27,590"									
20-09-2024	EQ	"5,360.00"	"5,417.95"	"5,225.10"	"5,342.50"	"5,342.35"	"5,320.55"	"5,316.28"	"5,449.00"	"3,616.00"	"5,98,428"	"3,18,14,09,021.50"	"76,261"									
19-09-2024	EQ	"5,295.00"	"5,443.95"	"5,180.00"	"5,265.20"	"5,335.00"	"5,342.50"	"5,297.02"	"5,449.00"	"3,616.00"	"3,92,198"	"2,07,74,79,946.05"	"43,016"									
18-09-2024	EQ	"5,225.00"	"5,289.00"	"5,219.90"	"5,219.85"	"5,261.00"	"5,265.20"	"5,257.82"	"5,449.00"	"3,616.00"	"2,01,983"	"1,06,19,89,365.20"	"26,748"									
17-09-2024	EQ	"5,227.00"	"5,254.00"	"5,200.10"	"5,204.80"	"5,202.00"	"5,219.85"	"5,219.07"	"5,449.00"	"3,616.00"	"1,55,984"	"81,40,91,583.15"	"26,311"									
16-09-2024	EQ	"5,188.05"	"5,260.00"	"5,176.15"	"5,187.05"	"5,220.00"	"5,204.80"	"5,212.18"	"5,449.00"	"3,616.00"	"1,98,479"	"1,03,45,08,022.65"	"27,624"									
13-09-2024	EQ	"5,250.90"	"5,255.85"	"5,155.00"	"5,238.55"	"5,192.90"	"5,187.05"	"5,217.58"	"5,449.00"	"3,616.00"	"3,95,545"	"2,06,37,86,429.20"	"54,707"									
12-09-2024	EQ	"5,330.00"	"5,376.05"	"5,216.90"	"5,299.10"	"5,236.00"	"5,238.55"	"5,279.45"	"5,449.00"	"3,616.00"	"3,80,591"	"2,00,93,10,656.90"	"48,040"									
11-09-2024	EQ	"5,357.90"	"5,449.00"	"5,279.10"	"5,344.40"	"5,295.00"	"5,299.10"	"5,352.23"	"5,449.00"	"3,616.00"	"4,61,780"	"2,47,15,55,054.85"	"55,989"									
10-09-2024	EQ	"5,361.40"	"5,422.45"	"5,315.00"	"5,361.40"	"5,338.00"	"5,344.40"	"5,368.18"	"5,422.45"	"3,616.00"	"4,00,985"	"2,15,25,58,146.15"	"62,502"									
09-09-2024	EQ	"5,303.45"	"5,395.00"	"5,216.05"	"5,303.45"	"5,360.00"	"5,361.40"	"5,336.56"	"5,395.00"	"3,616.00"	"5,94,876"	"3,17,45,91,236.25"	"70,682"									
06-09-2024	EQ	"5,293.00"	"5,354.55"	"5,202.00"	"5,308.15"	"5,309.80"	"5,303.45"	"5,292.14"	"5,361.15"	"3,616.00"	"7,21,164"	"3,81,64,98,220.15"	"71,590"									
05-09-2024	EQ	"5,084.10"	"5,361.15"	"5,077.10"	"5,100.90"	"5,270.05"	"5,308.15"	"5,249.10"	"5,361.15"	"3,616.00"	"13,23,435"	"6,94,68,48,909.20"	"1,19,558"									
04-09-2024	EQ	"4,974.00"	"5,109.00"	"4,960.35"	"4,980.60"	"5,100.20"	"5,100.90"	"5,049.61"	"5,219.00"	"3,616.00"	"3,19,841"	"1,61,50,71,348.70"	"35,604"									
03-09-2024	EQ	"5,029.00"	"5,039.80"	"4,965.00"	"4,999.85"	"4,981.00"	"4,980.60"	"5,008.00"	"5,219.00"	"3,616.00"	"2,22,027"	"1,11,19,12,061.70"	"38,277"									
02-09-2024	EQ	"4,977.00"	"5,023.95"	"4,951.00"	"4,927.45"	"5,000.00"	"4,999.85"	"4,981.71"	"5,219.00"	"3,616.00"	"2,90,596"	"1,44,76,64,904.55"	"45,053"									
30-08-2024	EQ	"5,020.00"	"5,042.00"	"4,900.00"	"5,008.80"	"4,930.00"	"4,927.45"	"4,953.72"	"5,219.00"	"3,533.00"	"5,64,035"	"2,79,40,68,928.00"	"64,668"									
29-08-2024	EQ	"4,991.50"	"5,155.55"	"4,980.65"	"4,964.85"	"5,011.95"	"5,008.80"	"5,062.36"	"5,219.00"	"3,533.00"	"9,39,641"	"4,75,67,99,323.40"	"88,593"									
28-08-2024	EQ	"4,995.50"	"4,995.50"	"4,905.00"	"4,958.55"	"4,967.00"	"4,964.85"	"4,937.73"	"5,219.00"	"3,533.00"	"5,04,521"	"2,49,11,88,971.20"	"41,032"									
27-08-2024	EQ	"5,010.00"	"5,010.00"	"4,925.65"	"4,959.40"	"4,955.00"	"4,958.55"	"4,962.42"	"5,219.00"	"3,533.00"	"1,44,910"	"71,91,03,761.55"	"18,996"									
26-08-2024	EQ	"4,903.00"	"4,978.75"	"4,900.10"	"4,901.50"	"4,968.90"	"4,959.40"	"4,950.35"	"5,219.00"	"3,533.00"	"4,75,103"	"2,35,19,24,718.60"	"65,675"									
23-08-2024	EQ	"5,045.00"	"5,088.80"	"4,880.00"	"5,057.85"	"4,926.95"	"4,901.50"	"4,928.77"	"5,219.00"	"3,522.00"	"8,02,974"	"3,95,76,74,235.15"	"76,207"									
22-08-2024	EQ	"5,145.00"	"5,145.00"	"5,021.15"	"5,099.45"	"5,036.00"	"5,057.85"	"5,090.09"	"5,219.00"	"3,522.00"	"3,53,198"	"1,79,78,08,151.65"	"27,686"									
21-08-2024	EQ	"5,095.00"	"5,164.00"	"5,051.85"	"5,079.20"	"5,100.00"	"5,099.45"	"5,108.50"	"5,219.00"	"3,522.00"	"7,96,491"	"4,06,88,76,960.70"	"57,626"									
20-08-2024	EQ	"5,008.00"	"5,095.95"	"4,987.70"	"5,002.70"	"5,075.00"	"5,079.20"	"5,043.49"	"5,219.00"	"3,522.00"	"3,20,092"	"1,61,43,80,438.70"	"36,777"									
19-08-2024	EQ	"5,040.00"	"5,048.00"	"4,982.05"	"5,021.30"	"5,000.10"	"5,002.70"	"5,000.59"	"5,219.00"	"3,522.00"	"1,71,799"	"85,90,95,894.45"	"18,386"									
16-08-2024	EQ	"4,995.00"	"5,025.00"	"4,902.70"	"4,960.30"	"5,013.25"	"5,021.30"	"4,979.78"	"5,219.00"	"3,491.25"	"1,93,826"	"96,52,10,113.70"	"27,122"									
14-08-2024	EQ	"4,950.00"	"5,020.00"	"4,913.30"	"4,929.50"	"4,961.95"	"4,960.30"	"4,956.68"	"5,219.00"	"3,491.25"	"2,82,580"	"1,40,06,58,167.50"	"22,587"									
13-08-2024	EQ	"5,039.95"	"5,048.00"	"4,905.50"	"5,013.80"	"4,913.70"	"4,929.50"	"4,959.77"	"5,219.00"	"3,491.25"	"1,38,438"	"68,66,20,283.40"	"21,880"									
12-08-2024	EQ	"4,999.00"	"5,025.00"	"4,960.55"	"4,989.95"	"4,995.90"	"5,013.80"	"5,005.22"	"5,219.00"	"3,491.25"	"1,67,412"	"83,79,34,571.05"	"25,574"									
09-08-2024	EQ	"5,033.00"	"5,063.80"	"4,971.35"	"4,980.10"	"4,975.00"	"4,989.95"	"5,001.51"	"5,219.00"	"3,491.25"	"1,02,057"	"51,04,38,957.75"	"12,487"									
08-08-2024	EQ	"5,049.95"	"5,063.90"	"4,942.00"	"5,018.50"	"5,000.00"	"4,980.10"	"5,000.28"	"5,219.00"	"3,491.25"	"3,48,300"	"1,74,15,96,458.05"	"49,175"									
07-08-2024	EQ	"4,960.00"	"5,063.55"	"4,954.45"	"4,909.90"	"5,018.40"	"5,018.50"	"5,017.81"	"5,219.00"	"3,491.25"	"3,22,153"	"1,61,65,03,101.55"	"42,917"									
06-08-2024	EQ	"4,818.15"	"5,045.25"	"4,818.15"	"4,817.45"	"4,900.00"	"4,909.90"	"4,972.21"	"5,219.00"	"3,491.25"	"7,98,720"	"3,97,14,06,739.80"	"66,386"									
05-08-2024	EQ	"4,861.50"	"5,010.00"	"4,801.00"	"4,909.70"	"4,810.00"	"4,817.45"	"4,889.92"	"5,219.00"	"3,491.25"	"7,15,443"	"3,49,84,59,491.25"	"62,721"									
02-08-2024	EQ	"4,950.00"	"5,029.75"	"4,890.15"	"4,993.80"	"4,905.00"	"4,909.70"	"4,959.62"	"5,219.00"	"3,491.25"	"4,86,355"	"2,41,21,35,047.40"	"36,662"									
01-08-2024	EQ	"4,949.00"	"5,008.00"	"4,883.00"	"4,935.95"	"4,990.00"	"4,993.80"	"4,947.06"	"5,219.00"	"3,491.25"	"2,02,176"	"1,00,01,75,913.85"	"29,478"									
31-07-2024	EQ	"5,040.00"	"5,068.90"	"4,910.20"	"5,027.20"	"4,953.90"	"4,935.95"	"4,964.60"	"5,219.00"	"3,491.25"	"9,12,329"	"4,52,93,47,855.80"	"71,401"									
30-07-2024	EQ	"5,140.00"	"5,175.55"	"5,000.10"	"5,112.85"	"5,014.00"	"5,027.20"	"5,074.60"	"5,219.00"	"3,491.25"	"2,99,951"	"1,52,21,32,193.20"	"34,151"									
29-07-2024	EQ	"5,144.00"	"5,144.00"	"5,041.80"	"5,071.60"	"5,095.45"	"5,112.85"	"5,092.17"	"5,219.00"	"3,491.25"	"2,06,613"	"1,05,21,08,069.95"	"31,407"									
26-07-2024	EQ	"5,199.00"	"5,199.00"	"5,040.00"	"5,171.35"	"5,075.65"	"5,071.60"	"5,096.60"	"5,219.00"	"3,491.25"	"2,34,445"	"1,19,48,72,540.45"	"32,620"									
25-07-2024	EQ	"5,148.00"	"5,184.90"	"5,058.10"	"5,158.45"	"5,160.00"	"5,171.35"	"5,133.25"	"5,219.00"	"3,491.25"	"3,93,012"	"2,01,74,30,766.10"	"32,669"									
24-07-2024	EQ	"5,100.00"	"5,205.00"	"5,082.65"	"5,065.25"	"5,141.10"	"5,158.45"	"5,154.76"	"5,219.00"	"3,491.25"	"6,30,155"	"3,24,82,99,121.15"	"55,384"									
23-07-2024	EQ	"5,013.00"	"5,095.45"	"4,925.10"	"5,012.85"	"5,065.00"	"5,065.25"	"5,039.32"	"5,219.00"	"3,491.25"	"4,31,809"	"2,17,60,25,230.15"	"35,898"									
22-07-2024	EQ	"4,955.00"	"5,031.95"	"4,922.75"	"5,010.70"	"5,010.50"	"5,012.85"	"4,999.60"	"5,219.00"	"3,491.25"	"5,59,762"	"2,79,85,85,634.95"	"22,401"									
19-07-2024	EQ	"5,062.10"	"5,078.50"	"4,955.00"	"5,083.45"	"4,999.35"	"5,010.70"	"5,015.06"	"5,219.00"	"3,491.25"	"4,44,963"	"2,23,15,18,304.20"	"33,762"									
18-07-2024	EQ	"5,039.85"	"5,096.95"	"5,028.00"	"5,039.85"	"5,080.00"	"5,083.45"	"5,048.35"	"5,219.00"	"3,491.25"	"8,37,644"	"4,22,87,18,351.95"	"45,226"									
16-07-2024	EQ	"5,000.00"	"5,104.00"	"4,979.00"	"4,988.85"	"5,039.90"	"5,039.85"	"5,041.89"	"5,219.00"	"3,491.25"	"10,62,769"	"5,35,83,62,389.65"	"60,856"									
15-07-2024	EQ	"5,126.45"	"5,164.00"	"4,943.65"	"4,943.65"	"4,990.00"	"4,988.85"	"5,005.45"	"5,219.00"	"3,491.25"	"14,05,587"	"7,03,55,89,838.05"	"1,05,021"									
12-07-2024	EQ	"4,939.90"	"5,016.95"	"4,909.00"	"4,898.90"	"4,950.00"	"4,943.65"	"4,962.01"	"5,219.00"	"3,491.25"	"5,98,090"	"2,96,77,30,619.35"	"59,368"									
11-07-2024	EQ	"4,853.90"	"4,969.00"	"4,832.25"	"4,834.45"	"4,893.50"	"4,898.90"	"4,908.14"	"5,219.00"	"3,491.25"	"5,68,246"	"2,78,90,31,416.05"	"71,817"									
10-07-2024	EQ	"4,825.00"	"4,894.35"	"4,731.10"	"4,806.35"	"4,817.95"	"4,834.45"	"4,811.34"	"5,219.00"	"3,491.25"	"2,84,146"	"1,36,71,23,560.15"	"31,638"									
09-07-2024	EQ	"4,853.10"	"4,893.95"	"4,780.00"	"4,851.55"	"4,800.15"	"4,806.35"	"4,843.15"	"5,219.00"	"3,491.25"	"4,21,547"	"2,04,16,13,395.30"	"33,082"									
08-07-2024	EQ	"4,860.00"	"4,935.20"	"4,820.00"	"4,853.10"	"4,836.00"	"4,851.55"	"4,884.05"	"5,219.00"	"3,491.25"	"7,06,765"	"3,45,18,73,871.10"	"40,990"									
05-07-2024	EQ	"4,768.85"	"4,871.00"	"4,742.80"	"4,768.10"	"4,847.05"	"4,853.10"	"4,804.16"	"5,219.00"	"3,491.25"	"3,59,691"	"1,72,80,12,762.80"	"36,747"									
04-07-2024	EQ	"4,785.10"	"4,825.00"	"4,725.00"	"4,792.90"	"4,768.00"	"4,768.10"	"4,776.91"	"5,219.00"	"3,491.25"	"3,17,759"	"1,51,79,05,452.20"	"27,103"									
03-07-2024	EQ	"4,760.00"	"4,810.90"	"4,700.70"	"4,773.85"	"4,797.90"	"4,792.90"	"4,766.42"	"5,219.00"	"3,491.25"	"7,99,111"	"3,80,88,97,496.50"	"58,301"									
02-07-2024	EQ	"4,759.10"	"4,825.25"	"4,719.55"	"4,735.90"	"4,782.00"	"4,773.85"	"4,766.31"	"5,219.00"	"3,491.25"	"3,60,009"	"1,71,59,13,867.15"	"41,249"									
01-07-2024	EQ	"4,725.10"	"4,754.45"	"4,612.50"	"4,716.75"	"4,721.90"	"4,735.90"	"4,693.69"	"5,219.00"	"3,491.25"	"6,42,169"	"3,01,41,39,806.60"	"55,571"									
28-06-2024	EQ	"4,900.00"	"4,921.95"	"4,680.00"	"4,900.10"	"4,713.05"	"4,716.75"	"4,786.31"	"5,219.00"	"3,491.25"	"6,85,009"	"3,27,86,65,000.40"	"77,687"									
27-06-2024	EQ	"4,819.95"	"4,960.00"	"4,738.00"	"4,801.00"	"4,940.00"	"4,900.10"	"4,844.09"	"5,219.00"	"3,491.25"	"5,03,719"	"2,44,00,61,569.80"	"56,743"									
26-06-2024	EQ	"4,775.00"	"4,823.95"	"4,690.00"	"4,783.35"	"4,812.00"	"4,801.00"	"4,739.74"	"5,219.00"	"3,491.25"	"5,46,313"	"2,58,93,79,652.15"	"55,455"									
25-06-2024	EQ	"4,850.00"	"4,905.00"	"4,755.00"	"4,833.70"	"4,787.00"	"4,783.35"	"4,823.56"	"5,219.00"	"3,491.25"	"3,76,890"	"1,81,79,52,580.65"	"39,149"									
24-06-2024	EQ	"4,792.00"	"4,875.00"	"4,765.85"	"4,804.85"	"4,833.00"	"4,833.70"	"4,827.48"	"5,219.00"	"3,491.25"	"3,56,824"	"1,72,25,61,390.50"	"34,227"									
21-06-2024	EQ	"4,928.00"	"5,082.95"	"4,763.00"	"4,861.70"	"4,790.00"	"4,804.85"	"4,890.95"	"5,219.00"	"3,491.25"	"7,26,519"	"3,55,33,70,289.20"	"62,109"									
20-06-2024	EQ	"4,947.45"	"5,022.50"	"4,832.20"	"4,933.90"	"4,866.90"	"4,861.70"	"4,906.75"	"5,219.00"	"3,491.25"	"5,77,843"	"2,83,53,29,597.35"	"72,031"									
19-06-2024	EQ	"5,079.00"	"5,219.00"	"4,901.35"	"5,039.30"	"4,914.00"	"4,933.90"	"5,079.85"	"5,219.00"	"3,491.25"	"14,38,750"	"7,30,86,40,558.55"	"1,27,961"									
18-06-2024	EQ	"4,739.95"	"5,080.00"	"4,734.80"	"4,739.95"	"5,035.00"	"5,039.30"	"4,956.69"	"5,080.00"	"3,491.25"	"20,54,168"	"10,18,18,67,566.25"	"1,65,007"									
14-06-2024	EQ	"4,692.00"	"4,759.95"	"4,671.05"	"4,656.65"	"4,728.00"	"4,739.95"	"4,730.43"	"4,924.20"	"3,491.25"	"2,58,982"	"1,22,50,96,760.15"	"36,492"									
13-06-2024	EQ	"4,697.25"	"4,739.95"	"4,640.05"	"4,666.75"	"4,655.00"	"4,656.65"	"4,683.94"	"4,924.20"	"3,491.25"	"2,38,268"	"1,11,60,32,514.60"	"28,781"									
12-06-2024	EQ	"4,710.05"	"4,740.00"	"4,645.00"	"4,701.45"	"4,658.00"	"4,666.75"	"4,691.89"	"4,924.20"	"3,491.25"	"5,55,091"	"2,60,44,24,005.10"	"54,555"									
11-06-2024	EQ	"4,800.00"	"4,829.90"	"4,676.00"	"4,778.40"	"4,699.00"	"4,701.45"	"4,764.71"	"4,924.20"	"3,491.25"	"2,66,806"	"1,27,12,54,024.45"	"35,923"									
10-06-2024	EQ	"4,769.05"	"4,812.00"	"4,688.00"	"4,747.25"	"4,770.00"	"4,778.40"	"4,765.25"	"4,924.20"	"3,491.25"	"2,76,907"	"1,31,95,30,863.15"	"40,992"									
07-06-2024	EQ	"4,700.00"	"4,806.35"	"4,690.75"	"4,687.05"	"4,743.00"	"4,747.25"	"4,737.86"	"4,924.20"	"3,491.25"	"3,52,969"	"1,67,23,16,801.80"	"45,372"									
06-06-2024	EQ	"4,861.95"	"4,861.95"	"4,675.25"	"4,862.25"	"4,700.00"	"4,687.05"	"4,750.76"	"4,924.20"	"3,491.25"	"6,64,303"	"3,15,59,46,867.85"	"71,495"									
05-06-2024	EQ	"4,590.00"	"4,900.00"	"4,562.20"	"4,548.75"	"4,855.00"	"4,862.25"	"4,766.58"	"4,924.20"	"3,491.25"	"14,95,770"	"7,12,97,01,078.50"	"1,56,460"									
04-06-2024	EQ	"4,399.00"	"4,590.00"	"4,355.65"	"4,349.35"	"4,525.00"	"4,548.75"	"4,483.43"	"4,924.20"	"3,491.25"	"10,93,378"	"4,90,20,87,754.70"	"1,15,337"									
03-06-2024	EQ	"4,392.95"	"4,400.00"	"4,301.00"	"4,302.15"	"4,346.00"	"4,349.35"	"4,353.27"	"4,924.20"	"3,491.25"	"2,79,797"	"1,21,80,32,178.25"	"46,532"									
31-05-2024	EQ	"4,440.00"	"4,450.00"	"4,250.40"	"4,444.95"	"4,287.35"	"4,302.15"	"4,318.97"	"4,924.20"	"3,437.35"	"8,66,438"	"3,74,21,22,049.45"	"84,063"									
30-05-2024	EQ	"4,475.90"	"4,497.25"	"4,410.00"	"4,476.85"	"4,440.80"	"4,444.95"	"4,440.82"	"4,924.20"	"3,437.35"	"1,41,706"	"62,92,90,432.35"	"23,280"									
29-05-2024	EQ	"4,474.00"	"4,564.85"	"4,435.10"	"4,474.45"	"4,470.00"	"4,476.85"	"4,492.89"	"4,924.20"	"3,437.35"	"2,34,524"	"1,05,36,89,799.35"	"32,405"									
28-05-2024	EQ	"4,551.90"	"4,588.85"	"4,440.20"	"4,537.35"	"4,465.00"	"4,474.45"	"4,501.40"	"4,924.20"	"3,437.35"	"2,24,693"	"1,01,14,33,679.30"	"35,211"									
27-05-2024	EQ	"4,651.55"	"4,669.00"	"4,508.00"	"4,684.50"	"4,542.00"	"4,537.35"	"4,560.93"	"4,924.20"	"3,437.35"	"3,92,853"	"1,79,17,76,437.30"	"60,734"									
24-05-2024	EQ	"4,797.90"	"4,841.40"	"4,674.10"	"4,793.55"	"4,675.70"	"4,684.50"	"4,734.51"	"4,924.20"	"3,382.15"	"3,07,316"	"1,45,49,89,481.50"	"50,917"									
23-05-2024	EQ	"4,794.50"	"4,812.00"	"4,755.80"	"4,798.80"	"4,790.50"	"4,793.55"	"4,785.13"	"4,924.20"	"3,382.15"	"1,51,025"	"72,26,74,210.00"	"40,091"									
22-05-2024	EQ	"4,763.15"	"4,924.20"	"4,737.15"	"4,705.90"	"4,777.90"	"4,798.80"	"4,827.67"	"4,924.20"	"3,382.15"	"7,16,981"	"3,46,13,47,727.65"	"86,073"									
21-05-2024	EQ	"4,670.00"	"4,737.45"	"4,605.45"	"4,670.65"	"4,696.00"	"4,705.90"	"4,695.22"	"4,895.60"	"3,382.15"	"1,79,171"	"84,12,48,033.85"	"27,344"									
18-05-2024	EQ	"4,694.30"	"4,694.30"	"4,618.65"	"4,682.90"	"4,674.65"	"4,670.65"	"4,666.05"	"4,895.60"	"3,352.00"	"17,889"	"8,34,71,042.80"	"3,233"									
17-05-2024	EQ	"4,680.00"	"4,710.00"	"4,665.05"	"4,671.25"	"4,700.00"	"4,682.90"	"4,686.61"	"4,895.60"	"3,352.00"	"2,03,113"	"95,19,10,808.05"	"22,432"									
16-05-2024	EQ	"4,674.30"	"4,699.00"	"4,660.05"	"4,652.45"	"4,675.00"	"4,671.25"	"4,673.04"	"4,895.60"	"3,352.00"	"5,19,285"	"2,42,66,40,406.95"	"39,104"									
15-05-2024	EQ	"4,614.95"	"4,680.00"	"4,597.10"	"4,597.05"	"4,655.00"	"4,652.45"	"4,647.45"	"4,895.60"	"3,352.00"	"2,98,259"	"1,38,61,43,825.95"	"38,729"									
14-05-2024	EQ	"4,739.00"	"4,755.00"	"4,550.35"	"4,693.70"	"4,615.00"	"4,597.05"	"4,621.20"	"4,895.60"	"3,352.00"	"3,76,741"	"1,74,09,96,128.90"	"55,397"									
13-05-2024	EQ	"4,799.95"	"4,809.00"	"4,667.00"	"4,796.80"	"4,683.15"	"4,693.70"	"4,714.11"	"4,895.60"	"3,352.00"	"1,90,782"	"89,93,66,520.95"	"33,021"									
10-05-2024	EQ	"4,798.65"	"4,852.00"	"4,735.85"	"4,798.65"	"4,794.95"	"4,796.80"	"4,792.13"	"4,895.60"	"3,352.00"	"2,90,601"	"1,39,25,98,331.05"	"43,141"									
09-05-2024	EQ	"4,806.75"	"4,895.60"	"4,730.00"	"4,806.75"	"4,776.70"	"4,798.65"	"4,810.72"	"4,895.60"	"3,352.00"	"6,18,014"	"2,97,30,93,221.00"	"43,753"									
08-05-2024	EQ	"4,674.80"	"4,863.80"	"4,670.00"	"4,660.45"	"4,801.00"	"4,806.75"	"4,762.05"	"4,890.00"	"3,352.00"	"8,29,723"	"3,95,11,85,047.90"	"63,012"									
07-05-2024	EQ	"4,619.95"	"4,698.00"	"4,581.00"	"4,600.60"	"4,656.00"	"4,660.45"	"4,656.24"	"4,890.00"	"3,352.00"	"4,31,030"	"2,00,69,77,351.30"	"42,607"									
06-05-2024	EQ	"4,620.00"	"4,739.90"	"4,576.00"	"4,612.35"	"4,589.85"	"4,600.60"	"4,616.79"	"4,890.00"	"3,352.00"	"6,43,041"	"2,96,87,84,118.95"	"56,698"									
03-05-2024	EQ	"4,626.95"	"4,627.00"	"4,545.05"	"4,605.05"	"4,618.45"	"4,612.35"	"4,591.60"	"4,890.00"	"3,352.00"	"4,36,785"	"2,00,55,41,781.45"	"30,468"									
02-05-2024	EQ	"4,609.95"	"4,642.45"	"4,578.00"	"4,603.80"	"4,605.00"	"4,605.05"	"4,602.63"	"4,890.00"	"3,352.00"	"2,56,067"	"1,17,85,80,756.20"	"34,407"									
30-04-2024	EQ	"4,455.15"	"4,650.00"	"4,455.15"	"4,483.80"	"4,605.00"	"4,603.80"	"4,609.25"	"4,890.00"	"3,352.00"	"6,37,696"	"2,93,93,03,077.00"	"60,341"									
29-04-2024	EQ	"4,560.50"	"4,562.45"	"4,450.00"	"4,553.15"	"4,483.15"	"4,483.80"	"4,487.25"	"4,890.00"	"3,352.00"	"3,85,596"	"1,73,02,63,950.55"	"47,447"									
26-04-2024	EQ	"4,657.05"	"4,719.95"	"4,531.50"	"4,657.10"	"4,562.00"	"4,553.15"	"4,618.74"	"4,890.00"	"3,352.00"	"2,54,510"	"1,17,55,14,406.05"	"33,716"									
25-04-2024	EQ	"4,801.00"	"4,817.65"	"4,615.15"	"4,797.55"	"4,655.00"	"4,657.10"	"4,715.72"	"4,890.00"	"3,352.00"	"4,62,020"	"2,17,87,57,663.95"	"43,230"									
24-04-2024	EQ	"4,820.00"	"4,835.70"	"4,778.00"	"4,800.55"	"4,789.95"	"4,797.55"	"4,803.54"	"4,890.00"	"3,352.00"	"1,99,877"	"96,01,16,585.15"	"21,009"									
23-04-2024	EQ	"4,804.50"	"4,890.00"	"4,773.00"	"4,758.00"	"4,785.00"	"4,800.55"	"4,811.87"	"4,890.00"	"3,352.00"	"4,58,148"	"2,20,45,47,694.80"	"57,078"									
22-04-2024	EQ	"4,743.00"	"4,815.95"	"4,692.05"	"4,696.00"	"4,763.00"	"4,758.00"	"4,735.14"	"4,836.70"	"3,352.00"	"2,57,706"	"1,22,02,73,751.75"	"35,874"									
19-04-2024	EQ	"4,766.95"	"4,836.70"	"4,651.10"	"4,627.10"	"4,711.00"	"4,696.00"	"4,721.01"	"4,836.70"	"3,352.00"	"7,78,084"	"3,67,33,42,149.95"	"77,642"									
18-04-2024	EQ	"4,644.30"	"4,694.30"	"4,605.00"	"4,644.30"	"4,637.95"	"4,627.10"	"4,630.41"	"4,831.85"	"3,352.00"	"4,17,772"	"1,93,44,54,965.60"	"35,489"									
16-04-2024	EQ	"4,650.00"	"4,689.30"	"4,611.35"	"4,686.80"	"4,630.00"	"4,644.30"	"4,650.21"	"4,831.85"	"3,352.00"	"2,45,231"	"1,14,03,76,252.05"	"29,695"									
15-04-2024	EQ	"4,680.00"	"4,736.55"	"4,620.60"	"4,765.05"	"4,687.00"	"4,686.80"	"4,680.43"	"4,831.85"	"3,352.00"	"3,58,707"	"1,67,89,01,939.60"	"44,259"									
12-04-2024	EQ	"4,753.90"	"4,806.75"	"4,725.00"	"4,754.00"	"4,765.85"	"4,765.05"	"4,767.17"	"4,831.85"	"3,352.00"	"6,76,863"	"3,22,67,20,889.45"	"50,060"									
10-04-2024	EQ	"4,736.60"	"4,831.85"	"4,711.00"	"4,716.15"	"4,737.35"	"4,754.00"	"4,788.34"	"4,831.85"	"3,352.00"	"7,28,446"	"3,48,80,46,554.60"	"65,013"									
09-04-2024	EQ	"4,671.95"	"4,747.80"	"4,622.00"	"4,672.80"	"4,715.00"	"4,716.15"	"4,693.56"	"4,748.00"	"3,352.00"	"2,85,672"	"1,34,08,19,639.60"	"34,162"									
08-04-2024	EQ	"4,648.15"	"4,748.00"	"4,640.00"	"4,619.25"	"4,660.00"	"4,672.80"	"4,699.65"	"4,748.00"	"3,352.00"	"4,61,322"	"2,16,80,53,968.60"	"50,443"									
05-04-2024	EQ	"4,645.00"	"4,685.00"	"4,557.00"	"4,645.05"	"4,639.85"	"4,619.25"	"4,615.20"	"4,715.00"	"3,352.00"	"4,18,022"	"1,92,92,53,380.95"	"59,293"									
04-04-2024	EQ	"4,562.00"	"4,715.00"	"4,540.00"	"4,460.90"	"4,639.80"	"4,645.05"	"4,640.74"	"4,715.00"	"3,352.00"	"15,64,457"	"7,26,02,35,478.55"	"1,43,517"									
03-04-2024	EQ	"4,455.00"	"4,494.45"	"4,415.00"	"4,411.85"	"4,465.00"	"4,460.90"	"4,457.24"	"4,592.00"	"3,352.00"	"2,57,333"	"1,14,69,95,749.90"	"35,963"									
02-04-2024	EQ	"4,503.00"	"4,563.00"	"4,400.05"	"4,483.30"	"4,407.00"	"4,411.85"	"4,471.01"	"4,592.00"	"3,352.00"	"4,42,907"	"1,98,02,39,672.20"	"49,326"									
01-04-2024	EQ	"4,570.00"	"4,592.00"	"4,456.30"	"4,525.60"	"4,484.00"	"4,483.30"	"4,504.59"	"4,592.00"	"3,352.00"	"4,10,983"	"1,85,13,09,836.30"	"46,285"									
28-03-2024	EQ	"4,424.95"	"4,560.00"	"4,397.05"	"4,420.55"	"4,529.90"	"4,525.60"	"4,490.05"	"4,560.00"	"3,300.00"	"8,92,567"	"4,00,76,74,168.60"	"1,10,180"									
27-03-2024	EQ	"4,480.50"	"4,533.00"	"4,387.05"	"4,486.20"	"4,417.90"	"4,420.55"	"4,465.38"	"4,533.00"	"3,300.00"	"8,14,043"	"3,63,50,12,739.25"	"99,248"									
26-03-2024	EQ	"4,315.75"	"4,509.45"	"4,297.25"	"4,297.60"	"4,450.00"	"4,486.20"	"4,456.46"	"4,509.45"	"3,300.00"	"18,38,678"	"8,19,40,04,087.00"	"1,59,311"									
22-03-2024	EQ	"4,159.80"	"4,330.50"	"4,151.15"	"4,163.10"	"4,292.00"	"4,297.60"	"4,248.00"	"4,330.50"	"3,295.00"	"9,21,652"	"3,91,51,76,732.70"	"79,173"									
21-03-2024	EQ	"4,117.00"	"4,238.00"	"4,091.50"	"4,056.35"	"4,158.00"	"4,163.10"	"4,171.84"	"4,238.00"	"3,295.00"	"11,30,832"	"4,71,76,51,353.95"	"1,22,479"									
20-03-2024	EQ	"4,015.00"	"4,068.00"	"4,009.25"	"4,014.10"	"4,049.95"	"4,056.35"	"4,046.78"	"4,206.00"	"3,295.00"	"3,46,426"	"1,40,19,09,028.75"	"45,163"									
19-03-2024	EQ	"4,008.00"	"4,046.05"	"3,983.05"	"4,010.55"	"4,006.00"	"4,014.10"	"4,023.11"	"4,206.00"	"3,295.00"	"4,51,330"	"1,81,57,49,844.05"	"39,740"									
18-03-2024	EQ	"3,932.10"	"4,019.00"	"3,918.70"	"3,932.10"	"4,000.00"	"4,010.55"	"3,990.28"	"4,206.00"	"3,295.00"	"2,30,448"	"91,95,51,488.30"	"27,791"									
15-03-2024	EQ	"4,019.45"	"4,035.00"	"3,904.00"	"4,019.25"	"3,912.00"	"3,932.10"	"3,948.09"	"4,206.00"	"3,292.00"	"3,48,203"	"1,37,47,35,732.95"	"47,833"									
14-03-2024	EQ	"3,966.95"	"4,040.00"	"3,890.00"	"3,967.80"	"4,032.00"	"4,019.25"	"3,962.14"	"4,206.00"	"3,292.00"	"3,55,226"	"1,40,74,56,574.05"	"42,904"									
13-03-2024	EQ	"4,055.00"	"4,056.00"	"3,932.05"	"4,031.70"	"3,970.00"	"3,967.80"	"3,978.66"	"4,206.00"	"3,292.00"	"5,21,699"	"2,07,56,61,388.80"	"52,382"									
12-03-2024	EQ	"3,999.00"	"4,042.00"	"3,900.00"	"3,979.65"	"4,028.40"	"4,031.70"	"4,022.08"	"4,206.00"	"3,292.00"	"4,99,999"	"2,01,10,34,651.20"	"65,538"									
11-03-2024	EQ	"3,948.85"	"4,025.00"	"3,936.05"	"3,925.95"	"3,986.00"	"3,979.65"	"3,985.47"	"4,206.00"	"3,292.00"	"6,89,781"	"2,74,90,98,040.80"	"73,724"									
07-03-2024	EQ	"3,888.65"	"3,942.65"	"3,877.20"	"3,888.65"	"3,923.00"	"3,925.95"	"3,916.56"	"4,206.00"	"3,292.00"	"3,30,459"	"1,29,42,61,023.15"	"44,335"									
06-03-2024	EQ	"3,834.50"	"3,895.00"	"3,825.15"	"3,834.50"	"3,892.00"	"3,888.65"	"3,870.48"	"4,206.00"	"3,292.00"	"3,08,886"	"1,19,55,38,533.15"	"40,993"									
05-03-2024	EQ	"3,830.00"	"3,884.35"	"3,811.30"	"3,846.35"	"3,830.05"	"3,834.50"	"3,850.32"	"4,206.00"	"3,292.00"	"1,85,829"	"71,55,01,819.85"	"26,342"									
04-03-2024	EQ	"3,870.95"	"3,878.65"	"3,831.00"	"3,868.25"	"3,851.15"	"3,846.35"	"3,847.89"	"4,206.00"	"3,292.00"	"1,53,055"	"58,89,38,887.15"	"20,849"									
02-03-2024	EQ	"3,913.00"	"3,913.00"	"3,856.65"	"3,884.15"	"3,874.95"	"3,868.25"	"3,877.90"	"4,206.00"	"3,292.00"	"11,564"	"4,48,44,040.20"	"2,231"									
01-03-2024	EQ	"3,925.00"	"3,936.75"	"3,867.00"	"3,918.90"	"3,896.25"	"3,884.15"	"3,886.01"	"4,206.00"	"3,292.00"	"2,61,674"	"1,01,68,66,927.85"	"36,865"									
29-02-2024	EQ	"3,818.40"	"3,940.00"	"3,797.05"	"3,850.00"	"3,915.20"	"3,918.90"	"3,889.51"	"4,206.00"	"3,292.00"	"4,99,782"	"1,94,39,06,938.05"	"54,851"									
28-02-2024	EQ	"3,856.40"	"3,948.30"	"3,838.10"	"3,852.20"	"3,851.80"	"3,850.00"	"3,898.29"	"4,206.00"	"3,292.00"	"5,05,405"	"1,97,02,15,477.30"	"54,484"									
27-02-2024	EQ	"3,859.00"	"3,885.00"	"3,818.05"	"3,850.35"	"3,841.55"	"3,852.20"	"3,857.62"	"4,206.00"	"3,292.00"	"2,56,237"	"98,84,63,881.35"	"38,900"									
26-02-2024	EQ	"3,840.55"	"3,859.00"	"3,796.25"	"3,840.55"	"3,852.00"	"3,850.35"	"3,838.13"	"4,206.00"	"3,292.00"	"3,46,646"	"1,33,04,73,170.85"	"49,802"									
23-02-2024	EQ	"3,860.00"	"3,872.00"	"3,828.65"	"3,851.45"	"3,849.00"	"3,840.55"	"3,843.92"	"4,206.00"	"3,292.00"	"2,26,731"	"87,15,35,597.30"	"29,696"									
22-02-2024	EQ	"3,860.00"	"3,869.00"	"3,801.85"	"3,835.75"	"3,848.00"	"3,851.45"	"3,841.80"	"4,206.00"	"3,292.00"	"2,37,411"	"91,20,85,513.35"	"32,965"									
21-02-2024	EQ	"3,752.00"	"3,889.00"	"3,752.00"	"3,756.20"	"3,833.00"	"3,835.75"	"3,837.42"	"4,206.00"	"3,292.00"	"5,92,509"	"2,27,37,08,803.50"	"62,565"									
20-02-2024	EQ	"3,701.00"	"3,784.00"	"3,691.40"	"3,707.25"	"3,751.60"	"3,756.20"	"3,743.23"	"4,206.00"	"3,292.00"	"3,16,518"	"1,18,47,99,219.05"	"31,286"									
19-02-2024	EQ	"3,673.30"	"3,722.00"	"3,673.30"	"3,693.30"	"3,707.00"	"3,707.25"	"3,705.48"	"4,206.00"	"3,292.00"	"2,26,669"	"83,99,17,737.35"	"22,636"									
16-02-2024	EQ	"3,698.60"	"3,724.65"	"3,665.10"	"3,678.60"	"3,690.00"	"3,693.30"	"3,689.26"	"4,206.00"	"3,292.00"	"7,26,598"	"2,68,06,10,243.00"	"30,894"									
15-02-2024	EQ	"3,722.40"	"3,729.95"	"3,671.35"	"3,722.40"	"3,685.00"	"3,678.60"	"3,684.99"	"4,206.00"	"3,292.00"	"5,07,420"	"1,86,98,39,975.35"	"26,272"									
14-02-2024	EQ	"3,700.00"	"3,739.00"	"3,691.05"	"3,703.20"	"3,711.00"	"3,722.40"	"3,709.70"	"4,206.00"	"3,292.00"	"2,57,694"	"95,59,67,821.95"	"20,867"									
13-02-2024	EQ	"3,685.05"	"3,728.00"	"3,660.90"	"3,675.60"	"3,700.00"	"3,703.20"	"3,702.36"	"4,206.00"	"3,292.00"	"2,94,135"	"1,08,89,93,408.20"	"31,032"									
12-02-2024	EQ	"3,719.20"	"3,734.95"	"3,644.30"	"3,719.20"	"3,675.00"	"3,675.60"	"3,678.59"	"4,206.00"	"3,292.00"	"1,99,148"	"73,25,83,085.05"	"24,378"									
09-02-2024	EQ	"3,732.15"	"3,758.00"	"3,699.00"	"3,731.05"	"3,723.00"	"3,719.20"	"3,726.93"	"4,206.00"	"3,292.00"	"3,06,425"	"1,14,20,23,531.95"	"21,085"									
08-02-2024	EQ	"3,718.95"	"3,787.95"	"3,715.00"	"3,717.70"	"3,729.90"	"3,731.05"	"3,750.72"	"4,206.00"	"3,292.00"	"2,61,689"	"98,15,21,272.30"	"33,232"									
07-02-2024	EQ	"3,759.00"	"3,785.00"	"3,703.00"	"3,727.40"	"3,716.00"	"3,717.70"	"3,722.21"	"4,206.00"	"3,292.00"	"1,73,087"	"64,42,65,505.70"	"22,707"									
06-02-2024	EQ	"3,730.00"	"3,737.70"	"3,702.05"	"3,729.60"	"3,737.00"	"3,727.40"	"3,719.67"	"4,206.00"	"3,292.00"	"1,48,110"	"55,09,20,790.70"	"22,162"									
05-02-2024	EQ	"3,785.00"	"3,791.55"	"3,720.05"	"3,784.30"	"3,729.00"	"3,729.60"	"3,742.71"	"4,206.00"	"3,292.00"	"2,16,052"	"80,86,20,557.30"	"24,647"									
02-02-2024	EQ	"3,808.20"	"3,815.00"	"3,770.00"	"3,808.20"	"3,771.00"	"3,784.30"	"3,789.87"	"4,206.00"	"3,292.00"	"1,86,318"	"70,61,21,419.05"	"25,854"									
01-02-2024	EQ	"3,810.00"	"3,826.60"	"3,772.00"	"3,792.70"	"3,792.00"	"3,808.20"	"3,802.95"	"4,206.00"	"3,292.00"	"1,88,297"	"71,60,83,953.55"	"22,581"									
31-01-2024	EQ	"3,680.00"	"3,821.40"	"3,652.75"	"3,687.30"	"3,810.00"	"3,792.70"	"3,737.71"	"4,206.00"	"3,292.00"	"3,53,880"	"1,32,27,00,337.45"	"42,575"									
30-01-2024	EQ	"3,740.00"	"3,772.85"	"3,680.00"	"3,749.40"	"3,699.00"	"3,687.30"	"3,722.82"	"4,206.00"	"3,292.00"	"2,63,265"	"98,00,89,118.40"	"25,384"									
29-01-2024	EQ	"3,700.00"	"3,764.20"	"3,689.00"	"3,734.25"	"3,764.20"	"3,749.40"	"3,718.63"	"4,206.00"	"3,292.00"	"2,16,522"	"80,51,65,861.85"	"30,423"									
25-01-2024	EQ	"3,731.00"	"3,750.00"	"3,695.50"	"3,727.75"	"3,745.00"	"3,734.25"	"3,722.88"	"4,206.00"	"3,292.00"	"2,00,269"	"74,55,76,877.15"	"20,247"									
24-01-2024	EQ	"3,675.90"	"3,748.00"	"3,646.05"	"3,675.90"	"3,720.00"	"3,727.75"	"3,683.59"	"4,206.00"	"3,292.00"	"3,16,651"	"1,16,64,11,333.80"	"35,707"									
23-01-2024	EQ	"3,675.00"	"3,714.00"	"3,651.05"	"3,676.50"	"3,672.00"	"3,675.90"	"3,671.32"	"4,206.00"	"3,292.00"	"2,99,750"	"1,10,04,79,058.05"	"38,566"									
20-01-2024	EQ	"3,705.00"	"3,719.90"	"3,667.00"	"3,731.70"	"3,681.00"	"3,676.50"	"3,683.99"	"4,206.00"	"3,292.00"	"3,40,503"	"1,25,44,10,115.50"	"37,186"									
19-01-2024	EQ	"3,762.95"	"3,768.70"	"3,704.50"	"3,748.85"	"3,745.00"	"3,731.70"	"3,725.25"	"4,206.00"	"3,292.00"	"5,65,533"	"2,10,67,51,916.50"	"48,776"									
18-01-2024	EQ	"3,786.45"	"3,790.00"	"3,740.00"	"3,786.45"	"3,748.00"	"3,748.85"	"3,752.27"	"4,206.00"	"3,292.00"	"4,89,754"	"1,83,76,89,966.00"	"52,535"									
17-01-2024	EQ	"3,750.00"	"3,811.90"	"3,750.00"	"3,828.30"	"3,782.00"	"3,786.45"	"3,798.42"	"4,206.00"	"3,292.00"	"5,16,399"	"1,96,14,98,708.90"	"37,585"									
16-01-2024	EQ	"3,860.00"	"3,865.00"	"3,807.00"	"3,858.25"	"3,825.10"	"3,828.30"	"3,847.46"	"4,206.00"	"3,292.00"	"4,45,672"	"1,71,47,05,081.10"	"31,482"									
15-01-2024	EQ	"3,924.95"	"3,933.00"	"3,851.00"	"3,841.00"	"3,855.05"	"3,858.25"	"3,871.77"	"4,206.00"	"3,292.00"	"5,05,101"	"1,95,56,32,982.35"	"38,601"									
12-01-2024	EQ	"3,827.95"	"3,848.00"	"3,794.10"	"3,821.35"	"3,843.00"	"3,841.00"	"3,814.82"	"4,206.00"	"3,292.00"	"4,56,627"	"1,74,19,49,639.70"	"51,041"									
11-01-2024	EQ	"3,845.00"	"3,845.00"	"3,805.00"	"3,822.00"	"3,827.00"	"3,821.35"	"3,820.72"	"4,206.00"	"3,292.00"	"2,13,492"	"81,56,93,892.65"	"25,489"									
10-01-2024	EQ	"3,818.90"	"3,837.95"	"3,792.35"	"3,810.75"	"3,823.00"	"3,822.00"	"3,812.31"	"4,206.00"	"3,292.00"	"3,38,253"	"1,28,95,24,775.00"	"45,735"									
09-01-2024	EQ	"3,810.10"	"3,850.00"	"3,787.00"	"3,804.40"	"3,818.95"	"3,810.75"	"3,805.11"	"4,206.00"	"3,292.00"	"4,40,688"	"1,67,68,64,669.85"	"43,380"									
08-01-2024	EQ	"3,893.95"	"3,919.90"	"3,791.00"	"3,863.50"	"3,814.50"	"3,804.40"	"3,835.04"	"4,206.00"	"3,292.00"	"6,92,896"	"2,65,72,83,724.35"	"54,922"									
05-01-2024	EQ	"3,902.00"	"3,940.00"	"3,810.00"	"3,897.85"	"3,880.00"	"3,863.50"	"3,867.98"	"4,206.00"	"3,292.00"	"5,13,823"	"1,98,74,55,241.75"	"48,459"									
04-01-2024	EQ	"3,965.00"	"3,965.00"	"3,888.00"	"3,932.35"	"3,903.95"	"3,897.85"	"3,906.30"	"4,206.00"	"3,292.00"	"7,54,490"	"2,94,72,64,163.80"	"68,295"									
03-01-2024	EQ	"4,080.00"	"4,080.00"	"3,919.40"	"4,103.35"	"3,940.00"	"3,932.35"	"3,966.82"	"4,206.00"	"3,292.00"	"9,64,470"	"3,82,58,82,144.90"	"1,05,162"									
02-01-2024	EQ	"4,070.00"	"4,155.00"	"4,006.25"	"4,064.75"	"4,091.00"	"4,103.35"	"4,068.07"	"4,206.00"	"3,292.00"	"8,43,252"	"3,43,04,04,309.45"	"43,456"									
01-01-2024	EQ	"4,075.00"	"4,080.00"	"4,042.10"	"4,082.65"	"4,065.00"	"4,064.75"	"4,064.09"	"4,206.00"	"3,292.00"	"1,31,614"	"53,48,90,999.00"	"18,875"									
29-12-2023	EQ	"4,045.10"	"4,098.90"	"3,984.20"	"4,044.65"	"4,060.00"	"4,082.65"	"4,056.30"	"4,207.95"	"3,292.00"	"2,24,994"	"91,26,43,430.70"	"26,564"									
28-12-2023	EQ	"4,048.90"	"4,058.40"	"4,015.00"	"4,027.45"	"4,045.00"	"4,044.65"	"4,036.70"	"4,207.95"	"3,292.00"	"4,03,866"	"1,63,02,84,749.50"	"36,020"									
27-12-2023	EQ	"4,020.00"	"4,063.30"	"4,000.00"	"4,023.45"	"4,008.00"	"4,027.45"	"4,034.91"	"4,207.95"	"3,292.00"	"3,49,033"	"1,40,83,18,232.90"	"43,980"									
26-12-2023	EQ	"4,009.95"	"4,038.20"	"3,995.35"	"4,007.95"	"4,023.90"	"4,023.45"	"4,019.22"	"4,207.95"	"3,292.00"	"2,99,135"	"1,20,22,88,505.70"	"22,896"									
22-12-2023	EQ	"3,977.95"	"4,015.00"	"3,962.05"	"3,954.50"	"4,010.00"	"4,007.95"	"3,995.49"	"4,207.95"	"3,292.00"	"2,24,831"	"89,83,09,382.55"	"24,375"									
21-12-2023	EQ	"3,950.00"	"4,009.90"	"3,920.05"	"3,965.90"	"3,956.00"	"3,954.50"	"3,955.83"	"4,207.95"	"3,292.00"	"2,86,850"	"1,13,47,29,052.35"	"41,448"									
20-12-2023	EQ	"4,011.00"	"4,046.45"	"3,905.00"	"4,021.35"	"3,970.00"	"3,965.90"	"3,974.58"	"4,207.95"	"3,292.00"	"2,44,858"	"97,32,07,021.95"	"31,818"									
19-12-2023	EQ	"4,010.00"	"4,048.95"	"3,990.25"	"4,010.15"	"4,030.00"	"4,021.35"	"4,017.74"	"4,207.95"	"3,292.00"	"1,85,004"	"74,32,97,339.75"	"25,960"									
18-12-2023	EQ	"4,045.00"	"4,079.80"	"4,000.00"	"4,045.65"	"4,002.00"	"4,010.15"	"4,038.15"	"4,207.95"	"3,292.00"	"2,21,527"	"89,45,59,551.90"	"28,836"									
15-12-2023	EQ	"4,085.00"	"4,097.90"	"4,017.00"	"4,070.05"	"4,041.75"	"4,045.65"	"4,043.78"	"4,228.95"	"3,292.00"	"3,00,270"	"1,21,42,26,919.95"	"31,779"									
14-12-2023	EQ	"4,044.95"	"4,081.00"	"3,996.05"	"4,033.05"	"4,079.00"	"4,070.05"	"4,046.33"	"4,228.95"	"3,292.00"	"2,64,682"	"1,07,09,90,252.25"	"28,805"									
13-12-2023	EQ	"4,075.00"	"4,075.40"	"3,945.10"	"4,075.40"	"4,042.00"	"4,033.05"	"4,011.75"	"4,228.95"	"3,292.00"	"3,88,573"	"1,55,88,58,691.05"	"43,525"									
12-12-2023	EQ	"4,080.90"	"4,100.00"	"4,038.10"	"4,069.75"	"4,073.55"	"4,075.40"	"4,055.83"	"4,228.95"	"3,292.00"	"3,49,447"	"1,41,72,97,555.60"	"29,457"									
11-12-2023	EQ	"4,070.65"	"4,075.00"	"4,025.05"	"4,070.65"	"4,075.00"	"4,069.75"	"4,046.40"	"4,228.95"	"3,292.00"	"2,39,939"	"97,08,89,721.95"	"25,584"									
08-12-2023	EQ	"4,155.95"	"4,170.00"	"4,027.65"	"4,115.45"	"4,065.00"	"4,070.65"	"4,109.53"	"4,228.95"	"3,292.00"	"4,95,575"	"2,03,65,82,232.85"	"47,713"									
07-12-2023	EQ	"4,140.05"	"4,206.00"	"4,095.00"	"4,137.15"	"4,124.00"	"4,115.45"	"4,123.81"	"4,228.95"	"3,292.00"	"4,14,582"	"1,70,96,57,250.70"	"34,000"									
06-12-2023	EQ	"4,039.55"	"4,175.00"	"4,039.00"	"4,039.55"	"4,153.00"	"4,137.15"	"4,123.89"	"4,228.95"	"3,292.00"	"8,61,085"	"3,55,10,20,441.60"	"70,238"									
05-12-2023	EQ	"3,950.00"	"4,041.00"	"3,949.00"	"3,967.10"	"4,036.00"	"4,039.55"	"4,018.24"	"4,228.95"	"3,292.00"	"4,43,420"	"1,78,17,65,965.35"	"38,558"									
04-12-2023	EQ	"4,000.00"	"4,049.00"	"3,950.05"	"3,988.40"	"3,966.10"	"3,967.10"	"3,998.00"	"4,228.95"	"3,292.00"	"3,89,629"	"1,55,77,36,032.00"	"45,957"									
01-12-2023	EQ	"3,969.65"	"3,995.00"	"3,931.15"	"3,949.75"	"3,985.00"	"3,988.40"	"3,969.64"	"4,228.95"	"3,292.00"	"3,80,041"	"1,50,86,25,996.20"	"50,483"									
30-11-2023	EQ	"3,878.00"	"3,962.00"	"3,834.00"	"3,861.50"	"3,950.00"	"3,949.75"	"3,926.61"	"4,228.95"	"3,292.00"	"6,98,850"	"2,74,41,14,333.35"	"59,505"									
29-11-2023	EQ	"3,915.00"	"3,937.00"	"3,841.00"	"3,912.15"	"3,869.95"	"3,861.50"	"3,898.21"	"4,228.95"	"3,292.00"	"3,33,845"	"1,30,13,97,652.20"	"38,098"									
28-11-2023	EQ	"3,815.00"	"3,934.00"	"3,815.00"	"3,842.90"	"3,927.00"	"3,912.15"	"3,891.02"	"4,228.95"	"3,292.00"	"4,49,705"	"1,74,98,11,340.35"	"56,231"									
24-11-2023	EQ	"3,820.00"	"3,869.00"	"3,799.00"	"3,844.40"	"3,845.20"	"3,842.90"	"3,838.04"	"4,228.95"	"3,292.00"	"96,391"	"36,99,52,658.05"	"16,404"									
23-11-2023	EQ	"3,848.00"	"3,865.00"	"3,798.95"	"3,838.25"	"3,843.00"	"3,844.40"	"3,841.69"	"4,228.95"	"3,292.00"	"2,01,012"	"77,22,25,715.15"	"22,512"									
22-11-2023	EQ	"3,820.00"	"3,873.85"	"3,812.35"	"3,814.95"	"3,845.00"	"3,838.25"	"3,840.73"	"4,228.95"	"3,292.00"	"2,00,608"	"77,04,80,859.30"	"19,933"									
21-11-2023	EQ	"3,796.00"	"3,842.00"	"3,796.00"	"3,792.90"	"3,815.15"	"3,814.95"	"3,820.86"	"4,228.95"	"3,292.00"	"1,96,060"	"74,91,17,034.95"	"15,656"									
20-11-2023	EQ	"3,810.90"	"3,833.00"	"3,771.70"	"3,810.90"	"3,804.00"	"3,792.90"	"3,803.25"	"4,228.95"	"3,292.00"	"2,52,998"	"96,22,14,032.65"	"29,850"									
17-11-2023	EQ	"3,794.95"	"3,843.00"	"3,780.00"	"3,790.25"	"3,806.00"	"3,810.90"	"3,818.47"	"4,228.95"	"3,292.00"	"2,66,479"	"1,01,75,42,794.30"	"32,657"									
16-11-2023	EQ	"3,795.00"	"3,800.00"	"3,765.00"	"3,791.95"	"3,793.80"	"3,790.25"	"3,785.53"	"4,228.95"	"3,292.00"	"1,48,945"	"56,38,35,253.10"	"16,464"									
15-11-2023	EQ	"3,810.00"	"3,814.95"	"3,750.10"	"3,798.45"	"3,788.45"	"3,791.95"	"3,769.70"	"4,228.95"	"3,292.00"	"3,72,291"	"1,40,34,24,447.50"	"45,871"									
13-11-2023	EQ	"3,809.95"	"3,819.80"	"3,740.20"	"3,802.70"	"3,795.05"	"3,798.45"	"3,779.05"	"4,228.95"	"3,292.00"	"1,66,502"	"62,92,19,846.65"	"24,729"									
12-11-2023	EQ	"3,815.00"	"3,825.00"	"3,798.80"	"3,798.40"	"3,802.00"	"3,802.70"	"3,810.64"	"4,228.95"	"3,292.00"	"40,179"	"15,31,07,885.90"	"8,119"									
10-11-2023	EQ	"3,750.00"	"3,800.00"	"3,738.55"	"3,747.60"	"3,798.80"	"3,798.40"	"3,780.48"	"4,228.95"	"3,292.00"	"2,05,429"	"77,66,20,677.25"	"24,159"									
09-11-2023	EQ	"3,733.90"	"3,765.00"	"3,725.00"	"3,712.40"	"3,750.00"	"3,747.60"	"3,748.01"	"4,228.95"	"3,292.00"	"2,48,748"	"93,23,09,708.30"	"23,361"									
08-11-2023	EQ	"3,658.00"	"3,727.95"	"3,658.00"	"3,653.30"	"3,726.80"	"3,712.40"	"3,690.15"	"4,228.95"	"3,292.00"	"2,46,719"	"91,04,31,217.40"	"23,204"									
07-11-2023	EQ	"3,649.50"	"3,667.95"	"3,636.00"	"3,649.55"	"3,655.10"	"3,653.30"	"3,648.96"	"4,228.95"	"3,292.00"	"2,87,032"	"1,04,73,68,335.10"	"23,881"									
06-11-2023	EQ	"3,654.55"	"3,692.90"	"3,635.30"	"3,649.70"	"3,649.25"	"3,649.55"	"3,652.74"	"4,228.95"	"3,292.00"	"2,77,254"	"1,01,27,37,455.05"	"35,876"									
03-11-2023	EQ	"3,667.60"	"3,667.60"	"3,621.25"	"3,647.45"	"3,650.00"	"3,649.70"	"3,652.67"	"4,348.00"	"3,292.00"	"3,16,179"	"1,15,48,97,112.60"	"15,533"									
02-11-2023	EQ	"3,639.00"	"3,677.95"	"3,624.15"	"3,639.45"	"3,653.00"	"3,647.45"	"3,648.82"	"4,348.00"	"3,292.00"	"2,16,100"	"78,85,10,037.35"	"23,295"									
01-11-2023	EQ	"3,637.50"	"3,660.60"	"3,621.00"	"3,633.40"	"3,628.05"	"3,639.45"	"3,643.60"	"4,348.00"	"3,292.00"	"2,42,467"	"88,34,52,384.35"	"18,703"									
31-10-2023	EQ	"3,657.65"	"3,671.25"	"3,620.00"	"3,646.65"	"3,632.55"	"3,633.40"	"3,642.72"	"4,348.00"	"3,292.00"	"8,20,386"	"2,98,84,34,850.15"	"34,609"									
30-10-2023	EQ	"3,686.70"	"3,688.00"	"3,624.25"	"3,665.45"	"3,646.85"	"3,646.65"	"3,648.50"	"4,348.00"	"3,292.00"	"2,54,298"	"92,78,07,247.20"	"34,874"									
27-10-2023	EQ	"3,700.00"	"3,758.00"	"3,651.00"	"3,684.65"	"3,664.95"	"3,665.45"	"3,691.13"	"4,348.00"	"3,292.00"	"3,65,480"	"1,34,90,33,019.05"	"36,295"									
26-10-2023	EQ	"3,728.05"	"3,731.95"	"3,662.00"	"3,740.55"	"3,700.00"	"3,684.65"	"3,693.23"	"4,348.00"	"3,292.00"	"2,89,964"	"1,07,09,04,929.45"	"46,899"									
25-10-2023	EQ	"3,685.00"	"3,755.00"	"3,620.10"	"3,668.95"	"3,741.00"	"3,740.55"	"3,718.83"	"4,348.00"	"3,292.00"	"3,33,022"	"1,23,84,51,464.15"	"47,110"									
